year,yday,tmax (deg c),tmin (deg c)
2008,105,9.17,3.43
2008,106,16.89,0.74
2008,107,21.95,0.94
2008,108,25.27,3.09
2008,109,26.37,5.73
2008,110,20.52,8.90
2008,111,19.51,9.09
2008,112,23.50,6.50
2008,113,26.54,8.20
2008,114,27.41,10.87
2008,115,28.34,12.31
2008,116,27.01,15.42
2008,117,24.49,15.17
2008,118,19.37,12.80
2008,119,17.90,7.66
2008,120,14.89,1.41
2008,121,21.51,1.62
2008,122,26.90,6.57
2008,123,26.79,11.34
2008,124,22.07,14.16
2008,125,23.26,8.45
2008,126,24.94,7.16
2008,127,26.15,7.23
2008,128,27.48,11.82
2008,129,24.73,15.20
2008,130,26.08,15.56
2008,131,24.99,14.91
2008,132,21.52,12.37
2008,133,21.13,10.03
2008,134,23.92,6.40
2008,135,19.95,10.95
2008,136,18.80,14.67
2008,137,17.67,11.24
2008,138,22.86,6.66
2008,139,21.27,10.77
2008,140,25.25,8.20
2008,141,26.81,11.92
2008,142,23.28,9.77
2008,143,26.44,7.85
2008,144,27.82,12.02
2008,145,27.44,15.06
2008,146,28.65,10.04
2008,147,28.48,14.65
2008,148,28.20,16.93
2008,149,26.02,17.02
2008,150,26.82,16.01
2008,151,28.34,17.15
2008,152,30.58,19.74
2008,153,24.53,17.27
2008,154,29.49,15.91
2008,155,30.32,16.73
2008,156,31.90,20.03
2008,157,32.44,20.42
2008,158,33.97,19.60
2008,159,34.30,20.88
2008,160,34.24,20.12
2008,161,34.31,21.01
2008,162,31.55,18.83
2008,163,32.50,19.36
2008,164,32.55,19.13
2008,165,32.18,19.98
2008,166,28.52,20.89
2008,167,31.42,18.71
2008,168,32.80,16.44
2008,169,28.29,16.44
2008,170,27.22,11.97
2008,171,28.95,11.48
2008,172,26.79,13.21
2008,173,30.27,15.99
2008,174,30.97,17.06
2008,175,30.34,15.19
2008,176,31.76,14.70
2008,177,33.18,14.92
2008,178,33.11,17.96
2008,179,30.58,19.13
2008,180,32.82,19.61
2008,181,28.87,19.58
2008,182,27.05,16.62
2008,183,28.79,11.95
2008,184,30.47,13.33
2008,185,31.79,14.73
2008,186,32.63,18.73
2008,187,29.75,18.84
2008,188,31.89,18.98
2008,189,31.82,18.22
2008,190,32.26,20.05
2008,191,31.65,21.09
2008,192,27.71,20.59
2008,193,31.62,19.83
2008,194,33.12,18.48
2008,195,27.52,20.62
2008,196,29.32,17.36
2008,197,30.12,15.78
2008,198,31.53,16.66
2008,199,31.91,17.76
2008,200,32.06,17.02
2008,201,32.64,17.22
2008,202,32.76,18.68
2008,203,35.34,19.52
2008,204,32.58,18.70
2008,205,29.83,18.80
2008,206,29.19,14.94
2008,207,27.72,18.51
2008,208,29.13,20.56
2008,209,32.88,21.13
2008,210,32.34,19.42
2008,211,31.48,19.87
2008,212,32.09,21.28
2008,213,30.42,21.44
2008,214,31.90,21.22
2008,215,33.21,20.93
2008,216,32.41,19.32
2008,217,33.30,17.67
2008,218,34.71,19.62
2008,219,34.02,21.72
2008,220,29.21,19.86
2008,221,28.47,16.57
2008,222,29.55,14.37
2008,223,28.99,15.03
2008,224,28.97,15.63
2008,225,27.31,13.52
2008,226,30.68,15.37
2008,227,31.03,16.47
2008,228,30.13,15.80
2008,229,27.97,17.04
2008,230,31.33,14.35
2008,231,32.34,15.66
2008,232,33.45,17.84
2008,233,33.99,17.90
2008,234,33.99,18.07
2008,235,33.41,18.07
2008,236,33.49,19.45
2008,237,30.53,18.87
2008,238,25.94,20.35
2008,239,22.88,20.12
2008,240,25.64,20.07
2008,241,29.74,19.43
2008,242,30.96,16.71
2008,243,32.50,18.64
2008,244,32.90,19.75
2008,245,32.01,20.45
2008,246,31.47,20.58
2008,247,31.29,19.21
2008,248,31.19,17.24
2008,249,32.13,17.76
2008,250,27.80,18.32
2008,251,30.64,16.19
2008,252,32.48,16.33
2008,253,26.96,18.58
2008,254,28.44,18.90
2008,255,30.22,20.06
2008,256,30.45,20.53
2008,257,31.34,20.16
2008,258,29.46,20.31
2008,259,23.98,16.82
2008,260,24.69,15.29
2008,261,27.52,14.26
2008,262,28.50,14.17
2008,263,27.66,13.56
2008,264,27.25,14.24
2008,265,28.52,15.32
2008,266,28.75,13.30
2008,267,28.72,12.33
2008,268,27.14,12.06
2008,269,27.57,9.92
2008,270,22.57,12.15
2008,271,23.71,16.01
2008,272,27.80,15.59
2008,273,28.54,13.79
2008,274,26.33,11.86
2008,275,20.64,9.17
2008,276,21.33,4.89
2008,277,24.20,5.13
2008,278,26.57,6.93
2008,279,27.29,9.35
2008,280,28.42,10.94
2008,281,27.39,11.25
2008,282,19.26,14.58
2008,283,23.08,14.89
2008,284,27.50,13.29
2008,285,28.37,14.31
2008,286,27.94,14.92
2008,287,28.04,13.21
2008,288,28.37,13.08
2008,289,27.53,13.49
2008,290,23.89,14.90
2008,291,19.95,11.18
2008,292,17.05,7.24
2008,293,18.46,2.49
2008,294,19.66,2.93
2008,295,20.76,4.56
2008,296,19.24,3.39
2008,297,18.04,3.65
2008,298,13.87,6.93
2008,299,16.90,6.70
2008,300,20.35,2.42
2008,301,11.25,3.65
2008,302,9.63,1.41
2008,303,14.58,-2.02
2008,304,18.34,-1.31
2008,305,19.81,0.08
2008,306,21.28,0.68
2008,307,23.03,2.28
2008,308,22.81,3.67
2008,309,22.78,4.50
2008,310,23.11,4.99
2008,311,23.30,5.10
2008,312,17.65,5.98
2008,313,15.69,4.55
2008,314,12.01,4.21
2008,315,13.06,-0.89
2008,316,11.73,0.36
2008,317,13.93,4.54
2008,318,12.93,8.67
2008,319,16.21,11.98
2008,320,14.00,6.54
2008,321,5.26,0.16
2008,322,10.14,-1.87
2008,323,4.61,-3.77
2008,324,8.30,-6.07
2008,325,12.48,-3.02
2008,326,2.63,-4.39
2008,327,3.49,-8.70
2008,328,11.72,-4.47
2008,329,9.54,1.29
2008,330,7.29,-1.48
2008,331,10.63,-4.71
2008,332,14.24,-2.39
2008,333,14.58,0.20
2008,334,10.39,3.68
2008,335,8.74,4.23
2008,336,5.11,1.48
2008,337,6.62,-0.97
2008,338,12.20,-4.34
2008,339,7.43,-2.69
2008,340,2.80,-4.76
2008,341,2.52,-5.83
2008,342,2.40,-4.90
2008,343,7.48,-5.75
2008,344,18.82,-0.85
2008,345,16.90,6.47
2008,346,9.05,4.14
2008,347,4.43,-1.73
2008,348,6.42,-5.39
2008,349,10.07,-3.29
2008,350,14.13,2.94
2008,351,8.77,3.03
2008,352,14.54,5.98
2008,353,15.15,9.01
2008,354,17.53,10.61
2008,355,13.64,7.19
2008,356,10.58,-3.20
2008,357,-2.68,-11.82
2008,358,4.93,-8.13
2008,359,14.19,-0.06
2008,360,12.25,0.03
2008,361,11.68,1.59
2008,362,19.43,7.94
2008,363,15.54,6.17
2008,364,12.28,-0.13
2008,365,15.30,-1.90
2009,1,7.56,-6.04
2009,2,7.16,-2.43
2009,3,8.83,3.93
2009,4,16.73,6.99
2009,5,12.60,7.41
2009,6,12.42,6.98
2009,7,11.38,4.91
2009,8,7.55,-0.36
2009,9,9.62,-5.23
2009,10,11.67,-1.19
2009,11,4.71,-0.65
2009,12,5.93,-2.22
2009,13,6.56,-4.83
2009,14,6.21,-8.40
2009,15,-0.96,-10.06
2009,16,-5.24,-14.83
2009,17,1.99,-13.79
2009,18,9.43,-4.96
2009,19,2.68,-3.54
2009,20,-2.17,-7.48
2009,21,1.16,-12.23
2009,22,9.71,-9.28
2009,23,15.08,-3.85
2009,24,8.63,-2.55
2009,25,7.41,-5.86
2009,26,6.71,-1.57
2009,27,11.09,2.27
2009,28,14.91,1.04
2009,29,6.98,-1.58
2009,30,4.19,-3.92
2009,31,8.83,-5.10
2009,32,16.14,-3.09
2009,33,6.08,-2.44
2009,34,3.19,-9.03
2009,35,-2.07,-10.63
2009,36,1.19,-11.93
2009,37,13.18,-7.96
2009,38,18.45,-2.52
2009,39,21.09,4.30
2009,40,21.90,4.31
2009,41,19.36,7.61
2009,42,19.96,9.77
2009,43,16.69,5.84
2009,44,17.54,-0.35
2009,45,14.15,2.69
2009,46,11.00,0.43
2009,47,7.69,-3.29
2009,48,11.96,-5.65
2009,49,17.43,0.80
2009,50,7.56,-1.14
2009,51,5.00,-8.13
2009,52,14.42,-5.97
2009,53,3.30,-4.59
2009,54,5.07,-7.62
2009,55,10.33,-6.01
2009,56,14.92,0.62
2009,57,18.28,6.53
2009,58,15.82,8.56
2009,59,9.38,5.67
2009,60,3.93,-0.28
2009,61,2.30,-6.00
2009,62,4.26,-8.94
2009,63,12.30,-5.64
2009,64,18.38,-1.59
2009,65,16.70,5.19
2009,66,21.84,5.26
2009,67,23.06,7.99
2009,68,25.97,10.52
2009,69,26.15,10.27
2009,70,18.45,8.02
2009,71,7.08,3.04
2009,72,7.88,2.40
2009,73,9.82,5.04
2009,74,14.51,7.30
2009,75,15.69,8.41
2009,76,21.17,4.64
2009,77,21.50,4.85
2009,78,19.42,4.64
2009,79,15.10,1.33
2009,80,17.40,-0.70
2009,81,21.20,0.46
2009,82,22.62,4.14
2009,83,23.56,6.35
2009,84,17.28,9.59
2009,85,20.79,11.57
2009,86,14.53,10.66
2009,87,21.57,11.88
2009,88,10.97,6.18
2009,89,16.48,-0.13
2009,90,14.56,2.99
2009,91,22.01,7.78
2009,92,22.73,7.57
2009,93,13.46,6.53
2009,94,19.75,1.91
2009,95,25.50,3.88
2009,96,12.35,3.70
2009,97,7.37,0.15
2009,98,18.71,-1.22
2009,99,22.53,1.87
2009,100,19.88,8.00
2009,101,15.04,7.65
2009,102,20.73,3.16
2009,103,17.98,7.61
2009,104,15.66,9.71
2009,105,11.78,7.99
2009,106,20.42,4.94
2009,107,24.30,6.66
2009,108,25.18,7.28
2009,109,15.59,9.36
2009,110,16.25,9.00
2009,111,18.22,6.86
2009,112,20.07,2.91
2009,113,27.16,4.92
2009,114,30.76,9.76
2009,115,30.92,12.78
2009,116,31.06,13.89
2009,117,29.17,13.27
2009,118,27.93,13.67
2009,119,27.56,14.42
2009,120,25.57,14.74
2009,121,22.54,15.81
2009,122,20.22,15.56
2009,123,20.33,16.38
2009,124,22.18,15.75
2009,125,23.32,14.86
2009,126,22.56,12.89
2009,127,26.28,15.27
2009,128,25.41,14.01
2009,129,24.20,15.78
2009,130,22.99,13.23
2009,131,19.33,11.60
2009,132,24.33,8.40
2009,133,24.88,10.99
2009,134,26.17,13.32
2009,135,28.36,16.21
2009,136,26.67,16.66
2009,137,16.92,10.78
2009,138,20.02,4.97
2009,139,23.62,4.70
2009,140,27.31,6.99
2009,141,28.35,10.50
2009,142,28.43,15.26
2009,143,28.12,15.75
2009,144,27.84,17.90
2009,145,28.38,18.19
2009,146,27.59,17.50
2009,147,26.23,18.46
2009,148,27.48,17.84
2009,149,25.21,16.28
2009,150,27.79,12.90
2009,151,29.83,15.65
2009,152,31.21,12.76
2009,153,32.13,15.44
2009,154,30.62,16.68
2009,155,27.09,17.85
2009,156,22.38,15.70
2009,157,27.31,12.96
2009,158,29.89,14.25
2009,159,29.76,16.50
2009,160,31.19,18.07
2009,161,29.66,18.93
2009,162,26.95,18.81
2009,163,28.68,18.10
2009,164,30.29,18.07
2009,165,28.84,18.11
2009,166,28.97,19.31
2009,167,30.86,18.82
2009,168,31.56,19.00
2009,169,30.67,19.17
2009,170,33.63,20.05
2009,171,33.78,21.62
2009,172,33.00,22.08
2009,173,29.03,21.73
2009,174,30.80,21.01
2009,175,30.57,18.09
2009,176,32.04,17.65
2009,177,31.70,19.19
2009,178,33.49,21.21
2009,179,32.31,19.97
2009,180,29.22,16.49
2009,181,30.38,16.72
2009,182,28.12,16.79
2009,183,27.62,16.98
2009,184,27.15,16.16
2009,185,28.18,15.42
2009,186,25.53,18.11
2009,187,28.37,19.30
2009,188,29.75,16.58
2009,189,29.01,17.50
2009,190,30.09,18.18
2009,191,30.08,17.68
2009,192,30.07,19.69
2009,193,30.38,19.97
2009,194,28.82,19.41
2009,195,30.77,16.29
2009,196,30.66,18.42
2009,197,29.56,19.71
2009,198,29.81,19.22
2009,199,24.33,13.61
2009,200,23.97,12.85
2009,201,26.77,13.42
2009,202,28.56,14.45
2009,203,26.83,16.75
2009,204,28.37,18.58
2009,205,29.52,16.24
2009,206,31.91,18.10
2009,207,28.88,19.02
2009,208,29.85,19.56
2009,209,30.20,19.30
2009,210,28.27,20.14
2009,211,28.14,21.29
2009,212,29.26,21.18
2009,213,30.23,19.16
2009,214,29.44,19.23
2009,215,29.66,16.36
2009,216,31.74,17.51
2009,217,28.26,18.25
2009,218,29.73,18.42
2009,219,31.15,17.91
2009,220,32.50,18.75
2009,221,32.57,20.53
2009,222,32.37,21.76
2009,223,29.83,21.54
2009,224,30.03,20.29
2009,225,31.02,18.20
2009,226,31.61,18.99
2009,227,31.60,19.83
2009,228,31.16,19.84
2009,229,30.53,20.14
2009,230,29.61,20.73
2009,231,29.56,21.03
2009,232,29.65,20.36
2009,233,28.11,20.83
2009,234,28.08,18.01
2009,235,25.20,15.18
2009,236,28.75,16.01
2009,237,30.35,17.39
2009,238,31.58,18.00
2009,239,27.32,18.91
2009,240,26.54,19.13
2009,241,27.40,19.14
2009,242,27.19,17.22
2009,243,27.65,14.39
2009,244,26.76,15.66
2009,245,25.33,17.04
2009,246,24.51,16.37
2009,247,28.81,17.17
2009,248,29.07,16.48
2009,249,25.68,18.66
2009,250,28.18,19.03
2009,251,28.24,17.44
2009,252,28.56,16.96
2009,253,27.61,16.30
2009,254,26.50,17.50
2009,255,27.94,17.08
2009,256,27.79,15.47
2009,257,28.96,15.61
2009,258,23.87,17.71
2009,259,22.83,19.24
2009,260,24.30,20.02
2009,261,28.09,19.47
2009,262,24.05,18.97
2009,263,22.92,20.01
2009,264,23.34,20.02
2009,265,28.28,19.40
2009,266,28.86,19.48
2009,267,29.70,20.64
2009,268,29.19,20.25
2009,269,22.18,19.25
2009,270,24.10,14.88
2009,271,24.11,11.81
2009,272,19.35,7.86
2009,273,19.55,9.13
2009,274,22.38,7.14
2009,275,22.17,9.95
2009,276,22.64,7.87
2009,277,17.53,7.85
2009,278,20.12,10.05
2009,279,20.18,14.53
2009,280,22.05,12.08
2009,281,22.86,7.65
2009,282,26.86,13.76
2009,283,17.69,12.96
2009,284,19.37,11.86
2009,285,17.56,11.48
2009,286,22.77,13.90
2009,287,17.52,14.65
2009,288,17.64,13.21
2009,289,11.99,8.72
2009,290,9.43,5.70
2009,291,11.33,1.26
2009,292,14.71,-0.13
2009,293,19.45,1.38
2009,294,20.72,3.43
2009,295,22.56,6.05
2009,296,22.29,10.49
2009,297,15.74,7.65
2009,298,17.81,2.25
2009,299,17.76,3.62
2009,300,14.25,8.12
2009,301,20.86,10.69
2009,302,19.61,7.60
2009,303,22.37,10.86
2009,304,18.23,9.27
2009,305,15.92,3.89
2009,306,18.77,2.41
2009,307,18.31,3.66
2009,308,18.54,0.65
2009,309,17.02,2.26
2009,310,17.85,0.18
2009,311,21.48,2.33
2009,312,23.01,3.52
2009,313,18.74,5.58
2009,314,13.46,9.23
2009,315,15.94,10.60
2009,316,16.45,6.74
2009,317,19.20,3.67
2009,318,22.28,4.48
2009,319,22.22,5.17
2009,320,21.12,3.71
2009,321,17.10,6.11
2009,322,13.09,7.57
2009,323,13.62,5.20
2009,324,16.00,1.95
2009,325,17.06,2.96
2009,326,10.93,4.23
2009,327,13.96,6.88
2009,328,13.87,8.19
2009,329,16.32,6.40
2009,330,10.81,1.27
2009,331,11.35,1.52
2009,332,15.59,-1.79
2009,333,16.40,0.83
2009,334,12.43,1.98
2009,335,10.63,-1.61
2009,336,14.48,1.56
2009,337,8.66,4.44
2009,338,5.39,1.97
2009,339,3.81,-2.62
2009,340,3.92,-5.94
2009,341,7.22,-4.16
2009,342,10.04,1.92
2009,343,15.56,3.68
2009,344,2.49,-4.30
2009,345,1.53,-7.95
2009,346,3.25,-6.69
2009,347,8.95,-1.53
2009,348,14.70,5.17
2009,349,13.43,4.31
2009,350,6.25,-2.01
2009,351,9.68,-3.52
2009,352,4.10,-0.48
2009,353,5.42,1.07
2009,354,2.31,0.38
2009,355,6.75,-2.51
2009,356,10.74,-2.62
2009,357,11.85,0.03
2009,358,14.53,1.95
2009,359,12.70,1.35
2009,360,7.31,-3.63
2009,361,10.24,-3.70
2009,362,3.72,-4.71
2009,363,4.27,-3.74
2009,364,8.31,-2.58
2009,365,6.06,1.40
2010,1,3.82,-2.23
2010,2,-2.34,-7.79
2010,3,-3.36,-11.23
2010,4,-2.69,-10.65
2010,5,-1.71,-10.24
2010,6,0.51,-10.51
2010,7,-1.24,-8.84
2010,8,-6.03,-11.03
2010,9,-3.03,-13.21
2010,10,-1.45,-10.25
2010,11,0.90,-10.85
2010,12,0.17,-6.42
2010,13,5.11,-9.08
2010,14,9.28,-7.79
2010,15,13.75,-5.40
2010,16,10.23,-2.53
2010,17,10.50,3.30
2010,18,14.18,1.06
2010,19,15.94,1.26
2010,20,12.32,6.11
2010,21,14.41,7.88
2010,22,9.86,6.82
2010,23,13.22,6.28
2010,24,11.81,5.70
2010,25,8.97,3.30
2010,26,1.91,-1.18
2010,27,5.68,-3.57
2010,28,12.38,-1.21
2010,29,1.55,-1.57
2010,30,0.36,-3.47
2010,31,2.66,-7.24
2010,32,6.53,-7.15
2010,33,4.36,-2.00
2010,34,6.11,-0.75
2010,35,4.57,-2.03
2010,36,6.62,1.42
2010,37,4.18,0.69
2010,38,0.86,-1.21
2010,39,6.28,-2.04
2010,40,7.21,-3.71
2010,41,-0.97,-6.13
2010,42,3.31,-4.13
2010,43,0.41,-3.80
2010,44,2.06,-7.23
2010,45,2.80,-4.44
2010,46,0.54,-4.51
2010,47,-1.20,-5.85
2010,48,0.07,-4.85
2010,49,7.69,-2.67
2010,50,11.87,-4.04
2010,51,15.05,-4.01
2010,52,17.91,-2.27
2010,53,12.72,2.60
2010,54,6.52,2.74
2010,55,4.69,-1.69
2010,56,2.61,-4.78
2010,57,6.73,-5.81
2010,58,6.28,-4.24
2010,59,2.75,-1.34
2010,60,7.05,0.97
2010,61,3.63,0.77
2010,62,2.29,-1.61
2010,63,9.83,-2.12
2010,64,9.66,-5.00
2010,65,13.50,-4.38
2010,66,15.15,-3.96
2010,67,21.32,-0.15
2010,68,20.29,1.91
2010,69,16.60,6.71
2010,70,14.20,7.27
2010,71,14.00,7.51
2010,72,10.40,3.92
2010,73,8.41,5.02
2010,74,9.35,5.20
2010,75,9.43,5.67
2010,76,11.21,6.39
2010,77,18.68,5.46
2010,78,21.32,1.65
2010,79,22.19,2.67
2010,80,15.44,3.83
2010,81,7.66,1.78
2010,82,18.17,0.81
2010,83,22.83,2.93
2010,84,14.26,5.97
2010,85,9.23,4.62
2010,86,19.35,-0.31
2010,87,16.40,5.35
2010,88,11.24,6.90
2010,89,18.06,5.84
2010,90,23.98,2.45
2010,91,28.74,4.93
2010,92,29.88,7.64
2010,93,24.27,10.85
2010,94,27.02,7.15
2010,95,30.46,9.85
2010,96,30.45,12.99
2010,97,27.23,15.33
2010,98,19.50,11.05
2010,99,19.30,3.01
2010,100,22.54,2.45
2010,101,24.95,4.30
2010,102,27.23,5.71
2010,103,28.77,8.16
2010,104,28.95,9.45
2010,105,29.25,11.09
2010,106,29.00,11.50
2010,107,22.98,11.33
2010,108,20.63,4.23
2010,109,20.87,5.39
2010,110,13.33,7.80
2010,111,20.46,8.22
2010,112,23.38,5.89
2010,113,27.95,10.08
2010,114,21.17,14.73
2010,115,25.01,15.48
2010,116,16.21,12.16
2010,117,14.94,8.65
2010,118,18.69,3.95
2010,119,23.38,4.88
2010,120,28.84,8.64
2010,121,23.91,13.76
2010,122,29.68,17.18
2010,123,27.68,17.86
2010,124,28.14,12.93
2010,125,29.72,11.97
2010,126,30.67,13.88
2010,127,30.65,14.74
2010,128,23.07,12.35
2010,129,18.77,5.89
2010,130,16.99,6.05
2010,131,22.95,10.33
2010,132,27.67,15.39
2010,133,30.31,15.22
2010,134,30.49,16.75
2010,135,28.63,15.96
2010,136,24.64,15.81
2010,137,25.85,16.66
2010,138,23.22,14.29
2010,139,21.96,11.01
2010,140,26.52,10.64
2010,141,25.11,15.44
2010,142,28.54,17.37
2010,143,31.25,15.33
2010,144,29.89,16.13
2010,145,29.05,16.11
2010,146,29.90,15.68
2010,147,30.95,16.16
2010,148,30.94,17.06
2010,149,29.33,16.02
2010,150,28.08,17.56
2010,151,27.74,18.84
2010,152,27.41,19.33
2010,153,30.13,19.04
2010,154,30.60,18.54
2010,155,28.81,20.01
2010,156,31.10,19.03
2010,157,28.31,18.67
2010,158,28.32,15.11
2010,159,29.76,15.54
2010,160,24.66,18.80
2010,161,29.65,19.44
2010,162,31.33,20.26
2010,163,31.76,21.61
2010,164,33.42,22.03
2010,165,34.28,21.19
2010,166,32.75,20.40
2010,167,31.00,19.91
2010,168,32.36,20.32
2010,169,32.18,19.24
2010,170,30.81,20.24
2010,171,33.02,19.64
2010,172,34.44,19.22
2010,173,34.20,19.54
2010,174,34.26,21.61
2010,175,33.19,21.78
2010,176,33.01,21.02
2010,177,33.64,20.97
2010,178,33.00,21.92
2010,179,33.39,22.19
2010,180,31.56,20.58
2010,181,30.48,19.48
2010,182,30.12,17.70
2010,183,30.72,16.03
2010,184,31.18,18.52
2010,185,32.35,18.60
2010,186,33.30,19.23
2010,187,34.19,18.55
2010,188,35.48,19.07
2010,189,36.24,20.43
2010,190,33.34,21.40
2010,191,32.02,21.22
2010,192,33.63,19.40
2010,193,29.94,21.17
2010,194,29.29,21.05
2010,195,31.86,21.49
2010,196,33.88,20.01
2010,197,34.55,21.18
2010,198,29.85,22.56
2010,199,31.98,21.88
2010,200,31.36,21.16
2010,201,31.98,20.47
2010,202,32.72,21.93
2010,203,31.73,21.98
2010,204,34.52,22.34
2010,205,35.28,22.69
2010,206,35.25,23.98
2010,207,33.77,22.58
2010,208,31.81,21.86
2010,209,33.18,22.16
2010,210,31.97,22.47
2010,211,31.86,22.28
2010,212,28.49,20.60
2010,213,33.49,22.18
2010,214,32.70,23.11
2010,215,33.28,24.03
2010,216,34.87,23.63
2010,217,33.20,23.05
2010,218,31.06,21.34
2010,219,32.16,19.23
2010,220,33.50,19.47
2010,221,34.33,20.99
2010,222,35.33,22.85
2010,223,35.47,23.49
2010,224,33.23,22.93
2010,225,35.81,22.58
2010,226,33.91,23.47
2010,227,34.33,23.19
2010,228,32.34,23.05
2010,229,30.36,22.41
2010,230,30.99,21.84
2010,231,30.08,21.82
2010,232,32.73,19.68
2010,233,29.76,21.53
2010,234,31.92,21.07
2010,235,30.88,19.44
2010,236,30.15,17.29
2010,237,29.52,16.93
2010,238,31.30,16.93
2010,239,31.95,17.18
2010,240,32.82,18.37
2010,241,31.33,19.18
2010,242,31.69,19.79
2010,243,32.44,17.51
2010,244,33.32,16.78
2010,245,33.99,16.97
2010,246,31.36,17.00
2010,247,25.96,12.12
2010,248,27.74,9.38
2010,249,31.31,10.94
2010,250,33.52,13.57
2010,251,28.14,17.82
2010,252,26.60,16.40
2010,253,26.10,17.46
2010,254,29.26,18.30
2010,255,27.60,16.19
2010,256,28.73,12.10
2010,257,30.79,12.92
2010,258,31.64,14.55
2010,259,29.07,17.63
2010,260,29.63,18.09
2010,261,30.79,14.60
2010,262,31.73,15.52
2010,263,31.30,16.35
2010,264,33.31,16.92
2010,265,31.35,19.02
2010,266,31.89,18.91
2010,267,31.86,17.85
2010,268,26.90,18.42
2010,269,19.68,16.76
2010,270,18.27,14.02
2010,271,22.06,11.00
2010,272,25.48,11.19
2010,273,24.75,12.51
2010,274,23.03,11.57
2010,275,24.40,7.94
2010,276,14.66,7.94
2010,277,14.34,6.36
2010,278,18.69,4.03
2010,279,22.08,3.33
2010,280,27.17,5.47
2010,281,27.22,8.15
2010,282,27.40,8.42
2010,283,28.32,8.09
2010,284,28.78,8.80
2010,285,23.27,10.41
2010,286,23.61,11.34
2010,287,19.64,7.80
2010,288,21.37,4.28
2010,289,21.26,3.80
2010,290,24.36,3.93
2010,291,24.95,6.30
2010,292,25.62,7.05
2010,293,21.75,7.72
2010,294,24.59,5.20
2010,295,21.69,3.64
2010,296,23.77,3.86
2010,297,25.74,7.91
2010,298,22.40,11.97
2010,299,27.89,14.54
2010,300,21.52,11.81
2010,301,22.43,10.28
2010,302,15.96,2.92
2010,303,20.61,0.97
2010,304,21.84,3.55
2010,305,21.08,4.99
2010,306,20.16,6.52
2010,307,14.94,8.15
2010,308,14.49,6.32
2010,309,9.07,2.47
2010,310,7.57,-0.76
2010,311,12.16,-3.02
2010,312,18.35,-1.20
2010,313,20.79,0.12
2010,314,21.94,1.56
2010,315,23.02,3.26
2010,316,21.59,3.08
2010,317,20.33,3.36
2010,318,12.60,5.51
2010,319,11.03,6.35
2010,320,18.09,7.52
2010,321,14.55,4.20
2010,322,15.43,2.80
2010,323,16.44,2.63
2010,324,17.44,3.46
2010,325,20.69,5.66
2010,326,22.40,7.84
2010,327,16.91,7.08
2010,328,15.70,4.59
2010,329,22.42,9.39
2010,330,11.11,1.74
2010,331,8.97,-3.37
2010,332,11.30,-3.27
2010,333,11.90,-1.13
2010,334,16.36,2.73
2010,335,5.58,-1.22
2010,336,5.05,-3.67
2010,337,10.99,-2.23
2010,338,7.92,0.30
2010,339,2.66,-1.60
2010,340,0.54,-4.64
2010,341,-0.97,-7.27
2010,342,0.59,-9.65
2010,343,5.38,-6.73
2010,344,9.51,-4.64
2010,345,11.30,0.83
2010,346,4.32,-2.73
2010,347,-4.04,-8.57
2010,348,-2.62,-12.53
2010,349,-0.38,-12.22
2010,350,7.02,-4.52
2010,351,3.51,-0.52
2010,352,4.58,-2.54
2010,353,3.55,-5.85
2010,354,5.22,-6.00
2010,355,5.18,-1.34
2010,356,10.02,-0.13
2010,357,3.52,-2.36
2010,358,4.99,-4.48
2010,359,1.94,-2.64
2010,360,-1.59,-4.37
2010,361,1.14,-6.20
2010,362,3.50,-10.49
2010,363,3.03,-9.97
2010,364,10.36,-0.95
2010,365,14.85,4.49
2011,1,14.05,6.56
2011,2,6.34,-2.19
2011,3,5.92,-7.06
2011,4,10.24,-4.67
2011,5,3.87,-3.94
2011,6,5.72,-1.44
2011,7,4.80,-0.16
2011,8,0.39,-5.74
2011,9,-0.90,-11.71
2011,10,-0.28,-8.05
2011,11,1.35,-4.60
2011,12,-2.30,-6.44
2011,13,-1.41,-8.04
2011,14,2.96,-11.75
2011,15,8.03,-7.18
2011,16,9.34,-3.41
2011,17,8.08,-1.80
2011,18,5.85,0.47
2011,19,6.12,1.69
2011,20,7.54,-1.17
2011,21,1.38,-5.42
2011,22,4.00,-6.16
2011,23,5.71,-5.80
2011,24,11.49,-2.38
2011,25,7.99,0.88
2011,26,4.57,-0.16
2011,27,6.80,-2.49
2011,28,9.98,-1.54
2011,29,17.46,-3.12
2011,30,19.68,-0.89
2011,31,14.56,3.42
2011,32,12.33,7.49
2011,33,8.18,-1.68
2011,34,2.08,-6.00
2011,35,3.34,-2.35
2011,36,7.95,0.76
2011,37,9.36,0.35
2011,38,11.02,-1.75
2011,39,3.48,-3.90
2011,40,4.35,-6.11
2011,41,3.76,-5.83
2011,42,7.03,-7.55
2011,43,10.65,-5.64
2011,44,16.47,-4.26
2011,45,18.49,-1.02
2011,46,14.76,-1.03
2011,47,16.71,0.91
2011,48,21.45,0.94
2011,49,18.10,5.77
2011,50,16.54,2.64
2011,51,19.07,2.11
2011,52,20.81,8.12
2011,53,15.06,4.79
2011,54,16.05,-1.42
2011,55,16.75,4.81
2011,56,16.29,4.63
2011,57,17.22,-1.35
2011,58,18.38,4.11
2011,59,19.90,8.30
2011,60,14.93,1.54
2011,61,18.45,0.51
2011,62,20.28,2.09
2011,63,18.83,5.84
2011,64,14.56,9.42
2011,65,8.53,1.83
2011,66,11.04,0.78
2011,67,15.19,2.43
2011,68,14.07,6.22
2011,69,9.72,4.04
2011,70,10.29,1.17
2011,71,21.80,-0.32
2011,72,21.53,4.41
2011,73,15.69,6.87
2011,74,15.71,8.32
2011,75,13.18,5.49
2011,76,22.82,1.18
2011,77,26.64,6.28
2011,78,22.08,10.58
2011,79,24.52,9.54
2011,80,25.12,11.82
2011,81,27.64,10.76
2011,82,20.26,11.84
2011,83,12.61,5.16
2011,84,11.43,3.45
2011,85,11.16,5.40
2011,86,8.58,3.60
2011,87,10.56,2.68
2011,88,17.65,1.97
2011,89,13.03,4.18
2011,90,6.25,3.55
2011,91,12.42,-0.05
2011,92,18.23,2.90
2011,93,25.14,2.27
2011,94,23.94,6.75
2011,95,13.37,3.90
2011,96,21.72,0.15
2011,97,24.09,4.46
2011,98,26.66,10.86
2011,99,30.45,15.18
2011,100,30.79,14.27
2011,101,27.45,14.95
2011,102,17.57,8.48
2011,103,21.42,3.94
2011,104,24.44,4.49
2011,105,21.35,8.40
2011,106,15.48,8.76
2011,107,21.39,1.39
2011,108,25.37,5.02
2011,109,28.34,12.77
2011,110,25.21,14.99
2011,111,21.60,11.40
2011,112,26.05,11.94
2011,113,26.91,13.94
2011,114,28.11,15.70
2011,115,28.90,12.95
2011,116,25.72,16.26
2011,117,24.69,17.00
2011,118,20.17,10.74
2011,119,23.47,7.90
2011,120,25.86,6.91
2011,121,24.54,12.59
2011,122,26.61,14.75
2011,123,23.27,11.25
2011,124,14.63,4.16
2011,125,19.17,2.12
2011,126,20.58,5.75
2011,127,22.29,6.62
2011,128,28.28,11.55
2011,129,29.35,12.55
2011,130,30.51,15.31
2011,131,31.06,16.33
2011,132,31.21,17.02
2011,133,28.08,16.39
2011,134,23.70,15.27
2011,135,16.91,12.73
2011,136,16.37,10.66
2011,137,12.01,8.49
2011,138,14.40,8.37
2011,139,22.57,10.14
2011,140,24.33,13.44
2011,141,30.20,13.49
2011,142,31.15,15.78
2011,143,29.39,16.19
2011,144,29.53,18.49
2011,145,31.63,17.23
2011,146,24.67,17.26
2011,147,26.21,16.54
2011,148,29.35,13.81
2011,149,32.66,15.89
2011,150,33.31,18.75
2011,151,34.02,19.37
2011,152,33.83,20.37
2011,153,33.10,20.17
2011,154,32.80,19.36
2011,155,33.69,18.04
2011,156,33.93,18.54
2011,157,33.19,18.22
2011,158,33.41,18.66
2011,159,34.29,19.59
2011,160,33.22,19.48
2011,161,33.32,17.30
2011,162,33.98,19.63
2011,163,32.51,19.97
2011,164,30.84,18.70
2011,165,27.29,15.73
2011,166,23.51,15.15
2011,167,30.08,16.44
2011,168,27.82,16.87
2011,169,25.42,18.41
2011,170,28.01,18.58
2011,171,30.66,18.31
2011,172,32.56,19.02
2011,173,26.96,19.07
2011,174,28.89,19.99
2011,175,29.85,18.41
2011,176,29.68,17.28
2011,177,28.85,18.34
2011,178,31.74,18.91
2011,179,26.32,20.30
2011,180,30.12,18.40
2011,181,30.92,16.50
2011,182,31.61,15.31
2011,183,33.01,16.89
2011,184,33.44,19.30
2011,185,32.20,19.51
2011,186,31.18,19.33
2011,187,30.78,18.88
2011,188,31.95,19.41
2011,189,30.95,20.28
2011,190,32.20,20.80
2011,191,34.63,20.96
2011,192,35.12,22.01
2011,193,30.01,21.61
2011,194,32.98,20.92
2011,195,33.56,21.83
2011,196,27.22,21.23
2011,197,27.66,20.13
2011,198,30.49,20.16
2011,199,32.11,21.29
2011,200,33.21,21.01
2011,201,34.43,22.95
2011,202,28.96,22.57
2011,203,33.61,22.52
2011,204,33.99,22.76
2011,205,33.33,22.37
2011,206,30.82,22.79
2011,207,33.02,22.09
2011,208,34.95,21.11
2011,209,34.75,21.30
2011,210,33.07,22.21
2011,211,32.83,22.61
2011,212,32.86,21.93
2011,213,33.92,21.97
2011,214,35.07,20.00
2011,215,35.12,19.41
2011,216,33.37,21.81
2011,217,33.95,21.89
2011,218,29.94,22.44
2011,219,33.05,21.75
2011,220,32.84,22.11
2011,221,30.93,21.41
2011,222,32.36,19.08
2011,223,31.63,20.13
2011,224,32.55,18.29
2011,225,31.92,19.11
2011,226,31.41,19.66
2011,227,27.82,17.37
2011,228,30.21,15.21
2011,229,32.82,16.28
2011,230,33.53,19.20
2011,231,32.95,19.89
2011,232,33.89,18.49
2011,233,32.81,20.42
2011,234,31.80,19.24
2011,235,31.82,15.41
2011,236,33.47,16.57
2011,237,35.85,19.54
2011,238,34.43,20.93
2011,239,31.75,18.79
2011,240,30.67,16.12
2011,241,30.59,14.39
2011,242,33.29,15.01
2011,243,34.14,17.64
2011,244,35.15,19.40
2011,245,36.36,19.66
2011,246,36.40,20.29
2011,247,30.31,19.57
2011,248,20.65,17.32
2011,249,21.31,15.82
2011,250,19.53,15.26
2011,251,19.93,14.62
2011,252,22.76,13.41
2011,253,27.08,12.53
2011,254,27.42,13.21
2011,255,28.10,14.48
2011,256,29.45,14.83
2011,257,30.24,14.92
2011,258,21.06,14.20
2011,259,18.94,11.11
2011,260,24.53,12.80
2011,261,26.08,13.85
2011,262,22.89,15.23
2011,263,25.59,16.10
2011,264,27.16,17.59
2011,265,26.21,17.54
2011,266,22.10,15.51
2011,267,24.58,10.55
2011,268,27.32,11.11
2011,269,26.47,14.97
2011,270,24.46,12.15
2011,271,26.04,11.57
2011,272,26.38,13.73
2011,273,20.19,11.50
2011,274,14.45,6.53
2011,275,17.08,4.05
2011,276,20.68,3.55
2011,277,24.47,4.37
2011,278,26.28,8.36
2011,279,27.24,9.55
2011,280,26.58,10.91
2011,281,25.38,10.65
2011,282,22.16,10.56
2011,283,25.84,12.69
2011,284,18.35,13.36
2011,285,20.79,14.04
2011,286,19.23,14.52
2011,287,22.62,10.61
2011,288,21.23,7.92
2011,289,25.36,5.64
2011,290,27.35,9.66
2011,291,26.44,11.31
2011,292,13.38,8.10
2011,293,11.89,6.10
2011,294,15.95,5.21
2011,295,17.85,1.72
2011,296,19.42,2.44
2011,297,22.51,5.45
2011,298,23.67,6.07
2011,299,23.76,7.31
2011,300,18.60,8.22
2011,301,10.73,6.21
2011,302,13.76,2.22
2011,303,15.74,-0.27
2011,304,16.12,1.28
2011,305,18.31,0.93
2011,306,19.09,1.12
2011,307,15.51,2.71
2011,308,15.06,4.22
2011,309,17.61,2.32
2011,310,17.66,0.94
2011,311,20.38,1.81
2011,312,21.37,4.37
2011,313,18.31,5.86
2011,314,12.86,4.19
2011,315,11.76,-1.78
2011,316,16.84,-1.34
2011,317,18.74,4.34
2011,318,20.93,12.16
2011,319,21.16,15.69
2011,320,18.44,12.97
2011,321,10.32,1.34
2011,322,11.51,-3.59
2011,323,16.98,-1.50
2011,324,17.25,7.81
2011,325,17.30,13.30
2011,326,22.46,12.42
2011,327,15.06,5.76
2011,328,15.82,0.92
2011,329,16.54,0.14
2011,330,18.16,2.68
2011,331,17.10,8.91
2011,332,13.55,6.11
2011,333,5.71,2.52
2011,334,6.49,-0.12
2011,335,11.46,-3.06
2011,336,13.43,-2.74
2011,337,15.99,-0.43
2011,338,17.57,1.84
2011,339,20.68,6.04
2011,340,15.07,8.50
2011,341,7.46,3.46
2011,342,7.82,-2.44
2011,343,10.07,-3.07
2011,344,6.77,-2.14
2011,345,9.30,-4.06
2011,346,11.04,-1.99
2011,347,11.78,3.94
2011,348,17.64,5.41
2011,349,17.23,6.84
2011,350,11.26,5.71
2011,351,7.60,0.29
2011,352,10.08,-3.36
2011,353,12.76,-2.15
2011,354,13.95,1.06
2011,355,17.51,7.85
2011,356,15.26,6.56
2011,357,9.43,5.66
2011,358,8.43,0.98
2011,359,10.95,0.14
2011,360,8.41,-1.99
2011,361,8.94,1.64
2011,362,8.17,-0.38
2011,363,11.33,-2.53
2011,364,13.90,0.53
2011,365,14.57,2.43
2012,1,15.74,1.14
2012,2,4.15,-3.81
2012,3,-0.14,-7.23
2012,4,7.14,-8.11
2012,5,11.90,-4.19
2012,6,16.04,-2.92
2012,7,14.84,3.68
2012,8,10.86,5.70
2012,9,10.94,6.57
2012,10,10.40,4.63
2012,11,14.53,5.85
2012,12,10.35,1.76
2012,13,-0.25,-5.76
2012,14,5.95,-6.86
2012,15,7.40,-4.35
2012,16,11.60,-2.40
2012,17,13.97,2.56
2012,18,3.93,-1.91
2012,19,6.31,-5.59
2012,20,9.82,-0.61
2012,21,11.77,3.62
2012,22,12.08,4.74
2012,23,16.52,7.65
2012,24,14.97,1.21
2012,25,17.21,0.78
2012,26,16.04,5.08
2012,27,12.95,3.61
2012,28,11.24,-1.21
2012,29,10.52,-4.77
2012,30,15.06,-3.00
2012,31,16.79,-0.49
2012,32,11.93,4.53
2012,33,17.26,5.65
2012,34,15.23,1.47
2012,35,10.76,4.55
2012,36,14.15,6.58
2012,37,11.61,2.62
2012,38,13.02,-1.56
2012,39,9.38,1.01
2012,40,8.12,0.19
2012,41,7.18,-2.46
2012,42,1.59,-4.73
2012,43,3.53,-9.13
2012,44,5.79,-7.68
2012,45,5.99,-1.37
2012,46,12.67,3.48
2012,47,16.92,5.96
2012,48,15.71,4.19
2012,49,16.94,3.70
2012,50,8.58,1.89
2012,51,11.64,-2.55
2012,52,15.17,-0.90
2012,53,13.82,1.21
2012,54,23.92,6.37
2012,55,19.05,6.33
2012,56,10.45,-1.04
2012,57,15.03,-3.51
2012,58,19.09,0.63
2012,59,21.96,2.62
2012,60,20.28,9.16
2012,61,20.91,6.82
2012,62,22.00,6.59
2012,63,13.83,4.58
2012,64,8.98,-0.66
2012,65,9.35,0.34
2012,66,18.14,-2.91
2012,67,19.88,2.17
2012,68,19.79,7.45
2012,69,15.52,4.03
2012,70,17.55,0.75
2012,71,20.62,0.45
2012,72,17.91,7.88
2012,73,25.36,12.48
2012,74,26.85,9.45
2012,75,28.45,10.34
2012,76,25.31,11.36
2012,77,24.24,11.87
2012,78,27.06,13.31
2012,79,28.33,11.76
2012,80,29.56,13.20
2012,81,28.45,13.16
2012,82,26.71,13.34
2012,83,22.73,15.31
2012,84,19.80,10.92
2012,85,22.47,8.92
2012,86,25.15,10.69
2012,87,25.62,8.47
2012,88,27.06,10.58
2012,89,26.57,13.00
2012,90,24.77,13.03
2012,91,22.98,13.25
2012,92,24.65,10.70
2012,93,30.20,12.42
2012,94,28.47,14.34
2012,95,27.34,13.48
2012,96,24.61,12.07
2012,97,20.91,8.67
2012,98,22.85,3.92
2012,99,23.72,5.93
2012,100,22.71,4.94
2012,101,20.22,5.40
2012,102,14.89,1.37
2012,103,17.44,-0.28
2012,104,21.03,1.48
2012,105,25.02,5.50
2012,106,26.52,9.44
2012,107,25.49,14.09
2012,108,20.15,13.88
2012,109,18.31,10.67
2012,110,23.58,9.25
2012,111,23.70,10.14
2012,112,19.76,10.81
2012,113,12.94,7.10
2012,114,15.16,4.90
2012,115,17.56,3.95
2012,116,26.22,7.21
2012,117,21.85,12.14
2012,118,24.24,13.12
2012,119,28.07,12.34
2012,120,29.22,13.92
2012,121,29.68,14.77
2012,122,30.68,15.70
2012,123,31.33,18.10
2012,124,29.76,16.13
2012,125,28.72,16.92
2012,126,27.82,17.49
2012,127,29.75,15.78
2012,128,27.09,16.52
2012,129,26.57,18.04
2012,130,22.24,14.48
2012,131,22.31,8.29
2012,132,24.00,7.68
2012,133,23.37,10.91
2012,134,18.53,14.39
2012,135,23.09,15.63
2012,136,24.89,13.76
2012,137,27.31,12.16
2012,138,28.62,12.43
2012,139,28.79,14.46
2012,140,28.97,14.91
2012,141,28.72,15.45
2012,142,26.73,15.37
2012,143,22.99,16.30
2012,144,25.96,15.84
2012,145,29.42,16.13
2012,146,31.39,15.64
2012,147,32.46,17.85
2012,148,32.70,18.81
2012,149,32.67,19.34
2012,150,31.06,19.31
2012,151,31.50,17.69
2012,152,29.12,16.28
2012,153,22.04,14.01
2012,154,23.21,8.98
2012,155,28.33,10.87
2012,156,29.09,16.42
2012,157,25.83,14.98
2012,158,26.13,12.05
2012,159,27.29,13.41
2012,160,28.99,13.17
2012,161,29.07,14.17
2012,162,25.95,17.17
2012,163,27.28,18.65
2012,164,28.08,20.05
2012,165,30.73,17.05
2012,166,31.41,16.71
2012,167,30.60,17.47
2012,168,28.27,18.97
2012,169,29.36,18.34
2012,170,31.34,17.43
2012,171,32.21,17.21
2012,172,33.33,19.40
2012,173,33.64,20.34
2012,174,33.01,20.65
2012,175,33.36,19.48
2012,176,35.35,18.10
2012,177,34.87,19.00
2012,178,30.40,17.40
2012,179,32.18,14.23
2012,180,38.29,14.89
2012,181,39.53,18.00
2012,182,40.30,20.65
2012,183,39.95,22.32
2012,184,35.56,20.91
2012,185,34.40,19.05
2012,186,35.29,20.07
2012,187,37.16,20.08
2012,188,35.16,18.67
2012,189,36.45,21.09
2012,190,36.71,23.36
2012,191,31.84,21.95
2012,192,29.53,20.75
2012,193,26.32,20.82
2012,194,23.64,20.54
2012,195,30.45,20.31
2012,196,31.15,21.11
2012,197,31.96,20.29
2012,198,31.28,21.29
2012,199,32.29,20.90
2012,200,30.21,20.50
2012,201,32.58,20.78
2012,202,29.89,20.32
2012,203,30.89,21.02
2012,204,32.36,21.87
2012,205,32.44,21.63
2012,206,33.88,22.44
2012,207,33.87,23.29
2012,208,33.91,22.79
2012,209,32.63,23.21
2012,210,32.74,19.45
2012,211,31.07,18.34
2012,212,32.75,18.56
2012,213,32.08,20.37
2012,214,32.45,19.29
2012,215,33.65,19.14
2012,216,28.12,20.88
2012,217,30.69,20.72
2012,218,31.55,21.00
2012,219,29.57,20.51
2012,220,31.63,21.46
2012,221,33.15,21.83
2012,222,28.97,20.15
2012,223,26.60,19.28
2012,224,27.59,16.91
2012,225,28.10,13.69
2012,226,27.41,15.24
2012,227,28.07,17.14
2012,228,29.13,18.27
2012,229,30.30,16.79
2012,230,27.48,18.28
2012,231,29.03,18.88
2012,232,26.86,17.94
2012,233,28.37,14.44
2012,234,28.78,13.46
2012,235,29.78,14.08
2012,236,30.47,14.52
2012,237,31.49,15.50
2012,238,31.30,16.80
2012,239,32.11,17.20
2012,240,32.71,18.25
2012,241,33.30,18.25
2012,242,32.44,20.27
2012,243,29.43,20.29
2012,244,30.63,21.46
2012,245,32.00,21.16
2012,246,30.83,21.25
2012,247,26.18,20.83
2012,248,29.31,21.28
2012,249,30.97,21.07
2012,250,31.12,20.47
2012,251,32.37,19.25
2012,252,25.09,15.99
2012,253,25.85,12.09
2012,254,26.87,12.53
2012,255,27.82,13.05
2012,256,27.51,16.12
2012,257,26.43,16.20
2012,258,28.41,15.19
2012,259,28.89,14.60
2012,260,27.19,17.05
2012,261,20.61,18.17
2012,262,22.58,14.44
2012,263,22.80,9.08
2012,264,25.64,10.24
2012,265,26.66,12.65
2012,266,26.59,12.92
2012,267,22.84,8.27
2012,268,21.92,5.67
2012,269,25.71,7.81
2012,270,27.66,12.78
2012,271,27.99,13.87
2012,272,26.75,16.14
2012,273,25.33,15.13
2012,274,22.54,11.59
2012,275,20.62,13.16
2012,276,22.80,15.83
2012,277,23.30,14.59
2012,278,25.29,12.33
2012,279,25.83,11.91
2012,280,17.35,11.51
2012,281,13.73,7.52
2012,282,10.33,6.53
2012,283,15.11,6.59
2012,284,17.56,6.03
2012,285,20.31,3.67
2012,286,19.08,8.23
2012,287,24.10,8.42
2012,288,22.19,10.67
2012,289,20.98,10.16
2012,290,20.68,6.49
2012,291,23.07,7.44
2012,292,18.57,8.10
2012,293,19.56,4.82
2012,294,17.52,6.66
2012,295,20.76,4.84
2012,296,24.53,7.28
2012,297,25.46,9.59
2012,298,25.53,8.86
2012,299,25.55,8.37
2012,300,26.23,10.42
2012,301,13.86,9.87
2012,302,9.54,7.72
2012,303,8.39,5.20
2012,304,7.96,4.78
2012,305,14.15,4.55
2012,306,15.07,-0.16
2012,307,19.85,2.61
2012,308,20.07,1.83
2012,309,15.15,2.24
2012,310,14.69,-0.19
2012,311,10.35,3.71
2012,312,9.67,4.61
2012,313,14.47,0.37
2012,314,17.18,-0.79
2012,315,20.83,1.41
2012,316,21.77,3.13
2012,317,19.31,3.17
2012,318,10.44,-1.37
2012,319,10.87,-1.74
2012,320,14.92,-0.02
2012,321,14.90,-0.88
2012,322,16.23,-0.20
2012,323,16.86,-0.54
2012,324,17.35,-0.05
2012,325,19.01,2.38
2012,326,19.76,4.69
2012,327,19.58,2.04
2012,328,14.45,2.77
2012,329,6.82,-2.55
2012,330,12.12,-4.54
2012,331,16.44,-1.41
2012,332,9.13,3.13
2012,333,10.02,-0.50
2012,334,13.57,-3.22
2012,335,15.31,-1.24
2012,336,18.46,2.39
2012,337,20.65,4.10
2012,338,21.83,7.09
2012,339,20.39,7.90
2012,340,16.71,6.57
2012,341,11.53,3.45
2012,342,16.76,6.04
2012,343,20.40,9.95
2012,344,19.64,12.58
2012,345,16.10,8.30
2012,346,4.65,0.10
2012,347,8.36,-1.45
2012,348,11.76,-2.72
2012,349,12.98,-2.39
2012,350,15.14,1.34
2012,351,13.95,7.28
2012,352,13.85,7.52
2012,353,12.37,4.63
2012,354,16.68,1.07
2012,355,11.92,2.15
2012,356,6.20,-0.33
2012,357,6.99,-5.11
2012,358,8.21,-4.18
2012,359,9.10,2.05
2012,360,9.44,5.51
2012,361,9.78,2.78
2012,362,2.67,0.00
2012,363,5.07,-0.11
2012,364,4.62,0.12
2012,365,4.15,-3.27
2013,1,7.52,1.33
2013,2,4.27,1.79
2013,3,6.71,-1.36
2013,4,6.37,-4.93
2013,5,7.55,-5.14
2013,6,8.62,-1.25
2013,7,9.83,-3.22
2013,8,12.29,-3.59
2013,9,9.84,0.37
2013,10,16.96,7.42
2013,11,19.68,9.51
2013,12,21.04,14.75
2013,13,19.21,11.95
2013,14,8.96,3.36
2013,15,5.54,2.39
2013,16,7.33,3.29
2013,17,4.48,0.59
2013,18,7.62,-3.92
2013,19,11.40,-3.76
2013,20,13.51,-1.41
2013,21,7.35,-3.75
2013,22,1.02,-7.03
2013,23,7.47,-6.07
2013,24,3.86,-4.20
2013,25,0.93,-4.68
2013,26,7.31,-2.03
2013,27,8.18,-3.43
2013,28,12.19,1.26
2013,29,18.08,6.51
2013,30,19.53,5.67
2013,31,6.29,0.21
2013,32,2.72,-7.36
2013,33,1.75,-6.48
2013,34,7.10,-3.63
2013,35,8.65,-4.78
2013,36,14.90,0.49
2013,37,16.01,-0.46
2013,38,12.27,2.04
2013,39,11.76,3.32
2013,40,12.56,-2.18
2013,41,15.89,1.06
2013,42,13.58,4.81
2013,43,11.81,1.16
2013,44,8.11,2.14
2013,45,12.78,1.43
2013,46,10.95,-0.40
2013,47,3.24,-2.73
2013,48,6.36,-7.26
2013,49,14.94,-5.53
2013,50,11.55,-0.98
2013,51,4.86,-4.44
2013,52,10.51,-3.84
2013,53,11.76,0.89
2013,54,14.10,4.84
2013,55,13.86,-1.18
2013,56,14.40,0.61
2013,57,13.10,3.76
2013,58,8.36,3.60
2013,59,3.93,1.01
2013,60,5.34,1.09
2013,61,4.00,-0.72
2013,62,2.79,-4.12
2013,63,9.88,-7.09
2013,64,9.01,-1.55
2013,65,1.47,-1.21
2013,66,3.17,-0.27
2013,67,12.15,-2.05
2013,68,17.63,-1.15
2013,69,21.74,3.93
2013,70,16.99,6.18
2013,71,13.01,2.32
2013,72,6.83,-1.03
2013,73,9.06,-4.00
2013,74,20.77,-1.90
2013,75,24.89,5.79
2013,76,22.43,10.75
2013,77,16.92,9.76
2013,78,15.01,1.40
2013,79,13.22,-1.11
2013,80,5.53,-5.08
2013,81,7.29,-4.44
2013,82,11.89,0.82
2013,83,13.24,3.56
2013,84,3.75,0.03
2013,85,5.06,-0.51
2013,86,10.16,-1.48
2013,87,14.54,-3.14
2013,88,9.14,-1.47
2013,89,15.57,3.12
2013,90,16.22,7.25
2013,91,17.86,4.15
2013,92,13.64,0.64
2013,93,14.00,0.83
2013,94,8.26,2.53
2013,95,18.83,4.12
2013,96,22.22,2.22
2013,97,23.66,6.02
2013,98,24.56,9.10
2013,99,27.41,10.77
2013,100,29.57,12.18
2013,101,27.20,14.10
2013,102,18.61,9.52
2013,103,22.19,4.79
2013,104,21.32,5.57
2013,105,25.50,10.11
2013,106,27.96,12.68
2013,107,25.29,14.63
2013,108,27.67,14.35
2013,109,21.42,9.67
2013,110,17.13,0.58
2013,111,20.02,3.23
2013,112,22.01,4.59
2013,113,22.61,6.28
2013,114,21.15,7.14
2013,115,18.88,3.64
2013,116,19.35,2.94
2013,117,13.37,7.79
2013,118,15.61,10.43
2013,119,22.57,11.53
2013,120,26.75,10.10
2013,121,25.66,11.77
2013,122,25.63,11.78
2013,123,24.34,12.26
2013,124,15.94,12.02
2013,125,14.39,10.24
2013,126,15.91,8.39
2013,127,20.92,6.75
2013,128,23.59,10.70
2013,129,26.64,11.22
2013,130,22.77,12.70
2013,131,23.91,12.06
2013,132,18.22,8.06
2013,133,19.63,3.04
2013,134,25.99,4.41
2013,135,30.41,11.09
2013,136,28.51,13.66
2013,137,26.17,15.32
2013,138,23.32,16.23
2013,139,23.50,16.79
2013,140,28.32,14.60
2013,141,30.36,15.98
2013,142,29.30,16.50
2013,143,27.31,16.53
2013,144,21.55,11.63
2013,145,24.80,6.84
2013,146,25.34,10.10
2013,147,28.89,11.65
2013,148,30.09,15.75
2013,149,30.55,15.96
2013,150,30.44,16.68
2013,151,30.14,17.06
2013,152,29.57,18.61
2013,153,25.65,18.28
2013,154,27.32,17.00
2013,155,28.70,14.52
2013,156,28.31,15.54
2013,157,27.95,16.77
2013,158,28.51,18.62
2013,159,27.60,18.01
2013,160,28.26,17.84
2013,161,28.04,18.85
2013,162,30.79,17.70
2013,163,32.97,19.49
2013,164,29.70,20.37
2013,165,28.58,15.24
2013,166,29.38,15.18
2013,167,29.92,17.34
2013,168,28.58,19.51
2013,169,25.42,18.94
2013,170,29.31,16.83
2013,171,30.25,17.73
2013,172,28.92,18.36
2013,173,30.37,18.20
2013,174,30.45,18.27
2013,175,30.87,19.25
2013,176,28.74,20.18
2013,177,29.87,20.64
2013,178,30.45,19.41
2013,179,29.39,20.42
2013,180,29.84,18.26
2013,181,29.79,17.82
2013,182,27.78,17.17
2013,183,27.71,19.07
2013,184,23.43,19.10
2013,185,24.53,18.62
2013,186,25.76,20.05
2013,187,24.14,19.57
2013,188,24.51,19.44
2013,189,30.24,19.41
2013,190,31.31,20.52
2013,191,30.22,21.20
2013,192,30.26,20.44
2013,193,28.79,18.98
2013,194,29.07,17.96
2013,195,30.24,18.92
2013,196,31.78,19.31
2013,197,32.95,20.31
2013,198,33.77,20.75
2013,199,32.37,20.87
2013,200,32.44,21.14
2013,201,31.84,21.54
2013,202,28.12,21.15
2013,203,27.62,21.27
2013,204,28.52,20.90
2013,205,29.79,20.62
2013,206,29.48,17.01
2013,207,29.78,16.20
2013,208,27.91,18.87
2013,209,28.11,17.62
2013,210,27.46,13.65
2013,211,26.83,15.09
2013,212,23.64,16.99
2013,213,29.62,19.13
2013,214,30.10,17.19
2013,215,29.17,18.70
2013,216,29.80,19.33
2013,217,29.52,15.90
2013,218,29.53,18.68
2013,219,28.07,21.47
2013,220,27.38,21.14
2013,221,31.17,20.83
2013,222,30.55,21.27
2013,223,30.61,21.15
2013,224,28.23,20.98
2013,225,28.98,21.31
2013,226,25.95,17.64
2013,227,27.80,15.39
2013,228,26.61,17.32
2013,229,24.25,18.05
2013,230,25.50,18.47
2013,231,26.22,19.45
2013,232,29.37,19.19
2013,233,27.40,19.51
2013,234,30.51,19.79
2013,235,30.42,19.87
2013,236,30.23,18.76
2013,237,28.99,16.77
2013,238,29.27,16.38
2013,239,30.13,17.49
2013,240,31.52,19.24
2013,241,32.58,21.31
2013,242,31.60,20.81
2013,243,32.24,20.67
2013,244,30.22,20.29
2013,245,29.52,20.17
2013,246,30.16,18.95
2013,247,29.54,16.25
2013,248,28.88,15.45
2013,249,29.81,16.37
2013,250,30.10,16.40
2013,251,30.08,18.17
2013,252,31.34,19.48
2013,253,31.97,19.34
2013,254,31.54,19.68
2013,255,30.66,19.56
2013,256,25.66,15.87
2013,257,24.21,10.47
2013,258,27.31,11.05
2013,259,27.65,14.11
2013,260,25.83,16.13
2013,261,23.99,17.13
2013,262,28.20,15.88
2013,263,29.19,16.56
2013,264,21.28,15.39
2013,265,23.96,10.91
2013,266,26.10,11.34
2013,267,25.40,13.13
2013,268,20.89,15.86
2013,269,26.21,16.01
2013,270,26.41,12.95
2013,271,25.42,13.31
2013,272,22.32,13.93
2013,273,24.41,12.77
2013,274,26.22,13.12
2013,275,26.70,14.97
2013,276,27.88,16.68
2013,277,28.19,15.82
2013,278,29.27,16.11
2013,279,27.80,14.54
2013,280,20.67,11.83
2013,281,22.60,8.83
2013,282,24.57,10.03
2013,283,24.13,10.40
2013,284,26.16,9.99
2013,285,26.46,10.82
2013,286,25.67,11.90
2013,287,25.97,13.34
2013,288,22.64,14.63
2013,289,20.03,14.96
2013,290,19.88,12.34
2013,291,18.53,7.58
2013,292,17.80,6.49
2013,293,18.05,2.57
2013,294,20.39,3.36
2013,295,16.85,7.52
2013,296,10.41,3.93
2013,297,11.28,1.20
2013,298,10.78,-1.24
2013,299,14.10,-2.20
2013,300,16.43,4.01
2013,301,18.07,9.30
2013,302,21.40,10.39
2013,303,25.64,12.64
2013,304,22.17,14.36
2013,305,21.47,12.22
2013,306,17.27,6.93
2013,307,14.70,2.81
2013,308,17.63,1.94
2013,309,19.46,4.80
2013,310,22.32,6.83
2013,311,16.07,5.10
2013,312,13.09,-0.82
2013,313,13.17,-0.90
2013,314,19.27,1.81
2013,315,18.01,-0.10
2013,316,10.33,-0.27
2013,317,6.46,-5.07
2013,318,12.88,-5.27
2013,319,9.97,-2.26
2013,320,15.79,4.45
2013,321,19.07,10.36
2013,322,17.41,7.04
2013,323,11.81,1.41
2013,324,14.59,-0.17
2013,325,15.41,2.57
2013,326,14.08,9.47
2013,327,11.00,1.82
2013,328,2.15,-5.17
2013,329,3.31,-4.28
2013,330,5.70,-1.10
2013,331,1.86,-1.61
2013,332,5.73,-6.23
2013,333,9.13,-5.23
2013,334,11.43,-3.89
2013,335,13.09,-3.33
2013,336,8.96,2.98
2013,337,11.99,6.82
2013,338,19.75,8.97
2013,339,21.83,12.03
2013,340,10.97,4.30
2013,341,3.49,1.23
2013,342,7.15,1.18
2013,343,11.80,2.43
2013,344,4.46,-1.45
2013,345,8.38,-5.35
2013,346,3.96,-5.07
2013,347,7.88,-6.22
2013,348,7.88,-0.68
2013,349,4.24,-0.57
2013,350,9.52,-1.31
2013,351,13.53,-0.93
2013,352,8.93,-3.81
2013,353,14.68,-3.49
2013,354,14.25,0.66
2013,355,21.31,8.19
2013,356,17.17,11.94
2013,357,9.94,2.45
2013,358,1.63,-3.43
2013,359,6.33,-7.19
2013,360,8.75,-5.08
2013,361,10.89,-4.66
2013,362,7.27,-3.73
2013,363,8.64,0.28
2013,364,4.54,0.75
2013,365,5.53,-3.41
2014,1,8.33,-5.32
2014,2,5.93,-5.69
2014,3,-2.10,-9.67
2014,4,7.57,-9.46
2014,5,11.97,-4.19
2014,6,-3.79,-12.58
2014,7,-7.93,-17.97
2014,8,1.97,-14.70
2014,9,9.30,-8.66
2014,10,10.33,-0.35
2014,11,15.90,3.24
2014,12,12.92,-0.66
2014,13,8.58,0.06
2014,14,12.62,2.18
2014,15,6.30,-1.59
2014,16,4.80,-7.50
2014,17,5.73,-5.56
2014,18,3.62,-6.58
2014,19,8.54,-3.03
2014,20,15.16,-2.77
2014,21,6.06,-5.64
2014,22,-3.11,-13.71
2014,23,-2.93,-12.05
2014,24,-2.78,-15.99
2014,25,2.68,-11.24
2014,26,12.23,-7.85
2014,27,6.60,-7.59
2014,28,-5.87,-11.33
2014,29,-3.70,-18.33
2014,30,3.26,-16.66
2014,31,8.99,-8.76
2014,32,14.08,-5.18
2014,33,10.75,-0.99
2014,34,7.39,0.87
2014,35,10.28,1.56
2014,36,8.61,-0.05
2014,37,1.12,-3.30
2014,38,3.84,-4.37
2014,39,7.26,-1.86
2014,40,7.06,0.55
2014,41,3.56,-1.12
2014,42,6.48,-3.89
2014,43,3.72,-2.74
2014,44,7.63,-1.55
2014,45,9.85,-2.89
2014,46,4.54,-3.44
2014,47,13.27,-3.67
2014,48,16.01,-1.89
2014,49,16.73,-0.27
2014,50,21.42,4.65
2014,51,21.83,9.54
2014,52,15.95,3.66
2014,53,18.49,-0.88
2014,54,20.34,1.40
2014,55,11.16,-0.40
2014,56,10.97,-0.16
2014,57,4.09,-2.88
2014,58,7.67,-8.48
2014,59,10.78,-6.86
2014,60,15.14,-0.11
2014,61,20.66,6.32
2014,62,5.73,-2.42
2014,63,4.44,-5.12
2014,64,13.38,-2.50
2014,65,13.42,0.03
2014,66,17.61,2.77
2014,67,20.50,1.21
2014,68,18.46,3.11
2014,69,21.45,2.10
2014,70,24.41,3.88
2014,71,19.26,1.40
2014,72,9.23,-1.10
2014,73,17.94,-2.73
2014,74,19.98,1.59
2014,75,11.78,4.91
2014,76,5.24,2.84
2014,77,12.45,3.08
2014,78,14.00,4.88
2014,79,16.24,2.30
2014,80,19.62,-0.83
2014,81,21.47,2.87
2014,82,14.62,3.17
2014,83,12.77,-2.47
2014,84,6.08,-1.79
2014,85,9.12,-5.28
2014,86,19.67,-3.47
2014,87,16.96,5.77
2014,88,15.15,6.63
2014,89,16.27,2.15
2014,90,22.80,-0.23
2014,91,27.57,5.03
2014,92,27.84,7.40
2014,93,26.37,12.10
2014,94,20.83,11.97
2014,95,16.79,4.06
2014,96,19.45,4.21
2014,97,18.15,7.40
2014,98,16.53,7.47
2014,99,19.06,6.66
2014,100,23.60,3.17
2014,101,24.36,7.24
2014,102,26.98,9.84
2014,103,28.07,12.05
2014,104,21.50,14.15
2014,105,12.43,2.82
2014,106,15.75,-1.68
2014,107,20.62,1.02
2014,108,18.95,5.83
2014,109,21.46,8.37
2014,110,25.75,6.17
2014,111,26.50,7.79
2014,112,22.22,11.41
2014,113,22.38,7.06
2014,114,26.16,5.50
2014,115,21.74,8.19
2014,116,27.71,6.76
2014,117,29.07,9.51
2014,118,27.15,14.47
2014,119,27.01,16.70
2014,120,21.54,14.88
2014,121,18.89,9.54
2014,122,20.77,5.68
2014,123,24.65,5.78
2014,124,29.95,7.86
2014,125,30.58,11.68
2014,126,30.11,13.31
2014,127,30.14,13.19
2014,128,30.30,13.15
2014,129,25.20,15.48
2014,130,25.29,15.08
2014,131,28.17,14.52
2014,132,30.76,16.07
2014,133,29.76,17.50
2014,134,29.34,16.55
2014,135,17.25,11.03
2014,136,16.96,6.00
2014,137,16.43,5.99
2014,138,21.42,9.16
2014,139,24.17,8.97
2014,140,27.85,11.31
2014,141,29.41,13.55
2014,142,30.09,16.00
2014,143,28.59,16.74
2014,144,27.84,13.60
2014,145,24.61,13.39
2014,146,28.40,14.33
2014,147,29.48,17.37
2014,148,30.58,17.04
2014,149,29.86,17.64
2014,150,29.92,17.92
2014,151,30.45,18.21
2014,152,28.16,18.73
2014,153,27.85,15.96
2014,154,29.17,17.33
2014,155,30.13,17.96
2014,156,25.79,18.96
2014,157,28.89,18.58
2014,158,30.55,16.94
2014,159,28.64,17.20
2014,160,26.09,14.62
2014,161,29.35,16.97
2014,162,25.70,17.68
2014,163,26.16,17.47
2014,164,24.44,17.24
2014,165,28.64,15.61
2014,166,31.14,15.74
2014,167,32.71,18.46
2014,168,32.47,19.38
2014,169,32.63,19.95
2014,170,31.92,19.52
2014,171,31.31,18.81
2014,172,29.76,19.53
2014,173,31.38,19.14
2014,174,31.93,19.12
2014,175,29.24,19.00
2014,176,30.56,20.09
2014,177,30.58,18.08
2014,178,30.82,19.50
2014,179,28.36,20.27
2014,180,28.39,19.88
2014,181,27.06,19.68
2014,182,32.08,20.97
2014,183,32.16,21.66
2014,184,28.55,18.22
2014,185,27.71,15.00
2014,186,29.73,13.62
2014,187,30.39,15.36
2014,188,31.33,16.82
2014,189,29.71,19.14
2014,190,27.79,20.27
2014,191,29.89,19.55
2014,192,31.96,17.81
2014,193,32.45,18.24
2014,194,31.91,20.33
2014,195,32.62,20.94
2014,196,28.01,19.12
2014,197,26.12,13.77
2014,198,27.49,12.71
2014,199,21.77,15.25
2014,200,22.71,16.86
2014,201,29.10,19.18
2014,202,30.50,19.83
2014,203,31.13,20.60
2014,204,29.99,21.03
2014,205,29.72,19.06
2014,206,29.03,15.94
2014,207,30.53,16.73
2014,208,32.52,19.57
2014,209,27.54,19.08
2014,210,25.23,15.00
2014,211,26.04,11.91
2014,212,28.12,14.67
2014,213,29.55,17.24
2014,214,29.33,18.30
2014,215,29.67,17.15
2014,216,30.13,15.97
2014,217,31.09,16.48
2014,218,31.22,17.69
2014,219,31.00,19.28
2014,220,27.12,20.36
2014,221,29.57,20.87
2014,222,28.71,21.57
2014,223,29.36,20.92
2014,224,29.49,19.09
2014,225,25.83,14.60
2014,226,28.53,13.84
2014,227,29.08,15.34
2014,228,28.58,16.17
2014,229,28.67,18.40
2014,230,28.38,19.71
2014,231,29.50,20.24
2014,232,30.80,19.62
2014,233,31.68,18.33
2014,234,32.70,20.38
2014,235,32.18,21.64
2014,236,31.78,21.95
2014,237,29.68,20.94
2014,238,30.19,18.58
2014,239,31.23,17.73
2014,240,32.58,17.67
2014,241,33.09,20.26
2014,242,31.51,19.40
2014,243,26.83,19.86
2014,244,32.02,20.26
2014,245,31.98,20.39
2014,246,28.87,20.45
2014,247,30.40,21.29
2014,248,30.35,20.36
2014,249,31.48,20.65
2014,250,29.22,19.46
2014,251,29.91,18.12
2014,252,28.54,19.97
2014,253,29.10,19.99
2014,254,30.45,21.20
2014,255,27.88,19.79
2014,256,23.33,17.77
2014,257,24.98,15.08
2014,258,24.26,16.71
2014,259,25.63,16.94
2014,260,25.36,13.82
2014,261,25.96,14.38
2014,262,28.77,13.36
2014,263,29.20,15.11
2014,264,26.66,15.01
2014,265,23.28,11.48
2014,266,24.64,9.32
2014,267,25.91,10.52
2014,268,27.68,11.93
2014,269,28.16,14.47
2014,270,27.02,16.08
2014,271,26.26,15.90
2014,272,27.15,16.42
2014,273,27.66,15.33
2014,274,28.16,12.98
2014,275,28.83,13.05
2014,276,23.43,14.23
2014,277,15.76,4.86
2014,278,19.12,2.09
2014,279,19.28,6.24
2014,280,21.58,11.03
2014,281,26.14,14.01
2014,282,23.67,11.36
2014,283,21.64,13.55
2014,284,23.36,16.17
2014,285,22.67,15.78
2014,286,26.48,16.93
2014,287,21.57,15.30
2014,288,16.40,12.16
2014,289,16.10,10.25
2014,290,23.63,6.97
2014,291,18.94,8.63
2014,292,18.42,8.37
2014,293,19.24,6.12
2014,294,19.95,7.55
2014,295,16.27,4.81
2014,296,17.68,4.45
2014,297,20.59,5.77
2014,298,22.29,4.81
2014,299,25.49,7.70
2014,300,26.56,9.34
2014,301,24.62,11.20
2014,302,18.88,8.26
2014,303,17.19,3.20
2014,304,10.94,2.70
2014,305,4.67,1.73
2014,306,11.26,-2.19
2014,307,17.25,-1.36
2014,308,20.44,2.78
2014,309,13.77,7.01
2014,310,18.82,8.36
2014,311,10.89,3.32
2014,312,14.70,0.46
2014,313,16.36,1.46
2014,314,19.14,1.83
2014,315,20.91,3.07
2014,316,11.28,3.29
2014,317,3.36,-0.04
2014,318,1.96,-5.14
2014,319,7.05,-6.03
2014,320,6.08,-1.86
2014,321,7.62,-2.04
2014,322,0.40,-6.27
2014,323,7.44,-8.80
2014,324,11.65,-3.43
2014,325,10.57,-2.96
2014,326,16.19,-3.15
2014,327,16.73,1.92
2014,328,21.20,7.93
2014,329,15.05,1.66
2014,330,11.42,1.96
2014,331,4.70,0.67
2014,332,6.22,-4.26
2014,333,11.27,-2.67
2014,334,17.21,4.99
2014,335,17.31,7.93
2014,336,13.82,7.71
2014,337,16.23,6.65
2014,338,13.09,4.98
2014,339,15.27,8.16
2014,340,14.15,7.24
2014,341,10.41,2.72
2014,342,11.08,2.25
2014,343,7.15,2.34
2014,344,4.64,1.56
2014,345,6.36,-1.81
2014,346,9.74,-4.96
2014,347,7.19,-4.31
2014,348,6.79,-3.50
2014,349,10.29,-3.58
2014,350,11.02,2.42
2014,351,8.39,0.50
2014,352,6.97,-1.27
2014,353,7.92,-1.47
2014,354,8.06,-0.48
2014,355,10.45,-2.18
2014,356,13.60,2.84
2014,357,12.23,7.51
2014,358,14.15,7.35
2014,359,9.45,1.54
2014,360,10.54,-1.65
2014,361,12.16,0.73
2014,362,11.57,5.54
2014,363,7.81,3.49
2014,364,5.43,-0.69
2014,365,3.91,-2.90
2015,1,4.70,-5.46
2015,2,6.95,0.43
2015,3,13.88,4.73
2015,4,16.02,5.07
2015,5,4.25,-3.46
2015,6,6.90,-4.43
2015,7,-1.74,-8.42
2015,8,-1.61,-15.17
2015,9,2.47,-9.90
2015,10,2.52,-11.14
2015,11,4.96,-8.80
2015,12,6.16,-1.71
2015,13,3.94,-0.05
2015,14,4.63,-1.26
2015,15,1.86,-3.59
2015,16,8.77,-3.23
2015,17,13.97,-3.45
2015,18,12.48,0.06
2015,19,16.59,-1.78
2015,20,17.70,-0.12
2015,21,13.84,0.65
2015,22,8.55,-0.77
2015,23,5.12,0.91
2015,24,7.13,-0.09
2015,25,12.36,-2.15
2015,26,5.03,-1.22
2015,27,2.47,-0.92
2015,28,6.95,-4.48
2015,29,13.76,-3.26
2015,30,6.39,-2.15
2015,31,8.01,-6.47
2015,32,10.46,-1.04
2015,33,7.10,-2.10
2015,34,6.91,-7.05
2015,35,10.28,-5.30
2015,36,5.41,-4.89
2015,37,9.15,-8.48
2015,38,16.89,-4.89
2015,39,16.61,1.01
2015,40,14.65,3.00
2015,41,6.64,-0.51
2015,42,12.93,-4.11
2015,43,4.30,-4.51
2015,44,3.55,-7.54
2015,45,8.28,-6.37
2015,46,-1.27,-12.02
2015,47,-0.76,-7.34
2015,48,-1.46,-9.28
2015,49,-2.76,-10.57
2015,50,-8.40,-16.45
2015,51,-2.36,-16.69
2015,52,3.83,-9.12
2015,53,6.06,-0.36
2015,54,1.90,-2.75
2015,55,1.20,-5.90
2015,56,2.58,-8.05
2015,57,5.05,-4.16
2015,58,2.66,-5.14
2015,59,9.44,-4.92
2015,60,8.49,-0.53
2015,61,9.27,3.25
2015,62,13.08,3.48
2015,63,19.56,4.93
2015,64,3.10,-3.93
2015,65,4.66,-8.90
2015,66,14.23,-6.46
2015,67,18.90,-2.16
2015,68,14.91,3.07
2015,69,15.98,8.29
2015,70,20.29,11.07
2015,71,20.89,8.00
2015,72,13.43,8.36
2015,73,14.69,8.19
2015,74,21.64,6.60
2015,75,26.19,3.18
2015,76,24.72,5.61
2015,77,13.02,5.06
2015,78,9.85,4.81
2015,79,12.41,7.43
2015,80,19.35,7.75
2015,81,19.47,8.15
2015,82,22.97,6.08
2015,83,23.07,6.79
2015,84,25.40,10.10
2015,85,24.30,8.99
2015,86,10.86,3.10
2015,87,8.65,-0.91
2015,88,15.76,-4.56
2015,89,20.34,1.17
2015,90,24.86,2.61
2015,91,23.52,5.27
2015,92,22.45,6.69
2015,93,24.62,9.22
2015,94,16.78,5.39
2015,95,20.22,-0.23
2015,96,17.50,6.03
2015,97,18.43,11.84
2015,98,28.58,13.24
2015,99,29.00,13.80
2015,100,22.56,12.70
2015,101,23.36,6.42
2015,102,27.24,6.91
2015,103,24.74,10.06
2015,104,24.27,15.37
2015,105,20.05,15.44
2015,106,18.10,13.72
2015,107,22.15,13.94
2015,108,26.85,13.10
2015,109,22.25,14.07
2015,110,22.31,11.45
2015,111,20.37,6.45
2015,112,22.76,7.29
2015,113,19.65,5.04
2015,114,20.12,2.40
2015,115,23.71,7.24
2015,116,18.67,9.44
2015,117,19.41,4.35
2015,118,20.75,4.82
2015,119,21.50,6.87
2015,120,20.18,6.20
2015,121,18.60,3.90
2015,122,24.61,5.75
2015,123,26.43,7.23
2015,124,28.07,9.68
2015,125,29.13,11.21
2015,126,29.93,12.91
2015,127,30.50,13.79
2015,128,31.01,13.51
2015,129,31.08,15.00
2015,130,30.26,16.22
2015,131,31.35,17.21
2015,132,27.58,16.99
2015,133,26.60,11.88
2015,134,28.41,11.82
2015,135,28.86,16.23
2015,136,24.87,17.60
2015,137,26.68,18.60
2015,138,27.98,18.37
2015,139,28.92,16.88
2015,140,29.67,12.21
2015,141,18.90,11.52
2015,142,23.57,7.49
2015,143,27.52,9.32
2015,144,28.67,11.87
2015,145,28.71,15.01
2015,146,29.03,17.86
2015,147,28.30,18.53
2015,148,27.69,18.68
2015,149,29.68,16.65
2015,150,30.05,18.54
2015,151,26.32,17.56
2015,152,27.40,17.18
2015,153,26.00,17.02
2015,154,27.31,15.45
2015,155,29.07,14.52
2015,156,30.00,15.85
2015,157,31.76,16.36
2015,158,32.06,17.28
2015,159,30.93,18.30
2015,160,30.23,18.78
2015,161,31.47,16.54
2015,162,32.17,18.53
2015,163,30.35,20.23
2015,164,31.70,20.13
2015,165,33.17,20.01
2015,166,33.70,19.98
2015,167,33.90,20.85
2015,168,34.43,20.70
2015,169,32.72,21.52
2015,170,31.57,20.89
2015,171,30.04,21.56
2015,172,33.58,19.63
2015,173,33.61,19.25
2015,174,32.73,21.57
2015,175,33.90,22.36
2015,176,31.92,20.00
2015,177,34.04,20.74
2015,178,27.26,17.51
2015,179,27.38,14.10
2015,180,28.92,13.55
2015,181,26.59,16.83
2015,182,25.88,18.71
2015,183,26.13,18.66
2015,184,25.67,19.54
2015,185,26.03,19.46
2015,186,25.34,19.80
2015,187,29.20,18.32
2015,188,31.12,19.82
2015,189,31.80,19.94
2015,190,32.74,20.09
2015,191,33.01,19.53
2015,192,31.64,19.98
2015,193,29.72,19.88
2015,194,32.64,20.83
2015,195,27.52,20.27
2015,196,30.06,19.75
2015,197,31.14,18.31
2015,198,32.67,18.96
2015,199,31.95,20.96
2015,200,33.32,20.75
2015,201,32.64,20.88
2015,202,31.80,20.98
2015,203,31.71,20.27
2015,204,25.28,19.86
2015,205,30.97,19.73
2015,206,32.00,19.17
2015,207,32.92,19.06
2015,208,32.51,20.23
2015,209,32.87,21.52
2015,210,33.14,21.36
2015,211,32.52,20.78
2015,212,31.06,17.55
2015,213,32.06,17.21
2015,214,31.98,16.92
2015,215,32.64,16.40
2015,216,33.96,18.44
2015,217,31.10,19.74
2015,218,27.06,20.09
2015,219,29.52,20.27
2015,220,31.63,18.18
2015,221,32.30,18.64
2015,222,30.32,20.09
2015,223,31.74,20.24
2015,224,30.34,18.13
2015,225,30.41,15.67
2015,226,25.04,17.37
2015,227,28.21,18.75
2015,228,30.25,20.05
2015,229,25.63,20.18
2015,230,26.80,20.90
2015,231,28.84,20.14
2015,232,26.62,19.88
2015,233,28.83,16.62
2015,234,29.59,16.76
2015,235,28.06,18.73
2015,236,30.19,17.80
2015,237,27.16,13.57
2015,238,26.89,13.36
2015,239,28.54,14.55
2015,240,30.40,15.34
2015,241,30.13,17.52
2015,242,27.49,19.41
2015,243,29.86,17.73
2015,244,31.52,17.34
2015,245,32.52,19.09
2015,246,32.92,19.66
2015,247,33.10,19.38
2015,248,31.90,19.43
2015,249,30.89,18.40
2015,250,31.24,18.19
2015,251,30.86,18.27
2015,252,26.09,19.39
2015,253,26.51,19.66
2015,254,26.74,17.68
2015,255,23.20,13.70
2015,256,21.46,9.45
2015,257,24.11,8.23
2015,258,26.90,10.16
2015,259,26.49,11.87
2015,260,27.41,12.83
2015,261,28.77,13.31
2015,262,29.46,14.43
2015,263,26.46,16.53
2015,264,25.23,15.62
2015,265,27.99,13.38
2015,266,28.87,14.44
2015,267,28.03,13.93
2015,268,19.96,15.08
2015,269,25.37,16.00
2015,270,27.79,16.38
2015,271,27.28,18.03
2015,272,24.12,18.04
2015,273,25.37,17.63
2015,274,20.38,15.93
2015,275,16.41,13.37
2015,276,16.32,12.56
2015,277,26.28,14.35
2015,278,27.39,13.69
2015,279,27.58,13.69
2015,280,27.53,12.54
2015,281,27.45,13.25
2015,282,26.45,15.12
2015,283,19.09,13.98
2015,284,21.62,11.65
2015,285,22.93,10.27
2015,286,23.29,11.63
2015,287,23.31,8.14
2015,288,23.57,7.40
2015,289,20.63,6.90
2015,290,17.85,3.16
2015,291,15.71,1.91
2015,292,18.09,1.50
2015,293,19.71,2.88
2015,294,22.49,4.09
2015,295,23.64,6.16
2015,296,24.13,7.25
2015,297,20.79,10.23
2015,298,21.04,13.76
2015,299,17.62,13.07
2015,300,15.56,9.94
2015,301,21.01,11.93
2015,302,21.29,10.14
2015,303,16.76,3.73
2015,304,16.40,5.60
2015,305,18.86,10.59
2015,306,19.27,14.34
2015,307,24.69,15.29
2015,308,24.59,13.87
2015,309,22.39,15.06
2015,310,21.36,16.79
2015,311,17.20,11.40
2015,312,15.95,7.50
2015,313,13.08,7.75
2015,314,18.43,6.77
2015,315,20.17,3.30
2015,316,21.20,7.00
2015,317,16.20,3.16
2015,318,15.71,-0.97
2015,319,14.47,-1.00
2015,320,13.83,-0.13
2015,321,18.10,5.19
2015,322,21.36,9.81
2015,323,19.29,8.39
2015,324,14.08,2.97
2015,325,17.13,0.15
2015,326,7.23,-1.65
2015,327,9.58,-4.91
2015,328,13.70,-3.24
2015,329,15.99,-0.14
2015,330,19.03,1.76
2015,331,19.48,3.66
2015,332,18.45,8.61
2015,333,15.48,10.56
2015,334,16.13,13.61
2015,335,16.17,13.79
2015,336,13.32,8.09
2015,337,8.70,-0.05
2015,338,11.67,-1.65
2015,339,14.13,-1.78
2015,340,13.90,-1.54
2015,341,14.30,1.45
2015,342,14.84,0.00
2015,343,13.20,0.64
2015,344,17.19,3.44
2015,345,20.64,9.00
2015,346,20.61,11.80
2015,347,20.47,10.08
2015,348,20.22,10.21
2015,349,18.76,6.05
2015,350,18.25,3.49
2015,351,13.17,3.81
2015,352,4.13,-1.40
2015,353,7.99,-4.71
2015,354,9.35,-3.62
2015,355,12.49,1.24
2015,356,15.81,8.78
2015,357,17.82,10.95
2015,358,22.97,14.23
2015,359,19.04,14.86
2015,360,22.55,14.79
2015,361,24.13,14.15
2015,362,22.16,13.81
2015,363,18.87,10.85
2015,364,13.20,8.58
2015,365,9.83,4.88
2016,1,5.71,-0.36
2016,2,8.47,-4.03
2016,3,8.71,-3.73
2016,4,4.08,-3.29
2016,5,5.37,-6.07
2016,6,7.23,-6.33
2016,7,13.07,-4.66
2016,8,11.72,1.92
2016,9,11.79,3.33
2016,10,6.53,-3.16
2016,11,2.47,-10.14
2016,12,6.68,-5.97
2016,13,4.84,-7.63
2016,14,14.47,-5.16
2016,15,7.45,-2.38
2016,16,6.65,0.80
2016,17,2.46,-0.74
2016,18,-2.10,-9.53
2016,19,-1.84,-11.90
2016,20,-1.16,-8.73
2016,21,4.20,-3.41
2016,22,2.44,-2.93
2016,23,-1.94,-5.11
2016,24,5.28,-8.99
2016,25,12.21,-6.42
2016,26,8.87,-1.28
2016,27,5.63,-1.34
2016,28,9.50,-4.78
2016,29,10.24,-2.70
2016,30,17.57,-2.94
2016,31,17.09,2.69
2016,32,16.25,8.31
2016,33,22.32,8.11
2016,34,18.51,7.63
2016,35,9.12,0.07
2016,36,7.44,-4.38
2016,37,8.37,-3.93
2016,38,12.05,-3.54
2016,39,9.28,-2.46
2016,40,-1.36,-4.93
2016,41,-0.66,-7.57
2016,42,5.62,-5.53
2016,43,2.65,-3.30
2016,44,0.29,-6.26
2016,45,-1.21,-7.01
2016,46,3.12,-3.51
2016,47,5.04,-0.59
2016,48,5.12,0.18
2016,49,12.54,-2.05
2016,50,18.54,-0.39
2016,51,13.95,6.09
2016,52,15.30,10.53
2016,53,15.38,8.67
2016,54,13.12,8.70
2016,55,13.09,5.05
2016,56,5.71,1.88
2016,57,7.91,-0.10
2016,58,12.96,-2.64
2016,59,18.99,-0.70
2016,60,19.67,4.31
2016,61,16.03,2.68
2016,62,5.62,-1.39
2016,63,4.73,-2.18
2016,64,9.66,0.21
2016,65,14.45,-1.52
2016,66,16.36,0.14
2016,67,20.06,1.11
2016,68,22.46,4.96
2016,69,25.18,7.65
2016,70,26.49,12.56
2016,71,22.83,13.20
2016,72,26.25,12.45
2016,73,22.25,12.86
2016,74,19.19,9.60
2016,75,27.33,8.00
2016,76,24.06,9.10
2016,77,21.53,5.53
2016,78,21.38,3.53
2016,79,18.57,4.53
2016,80,10.81,2.49
2016,81,12.45,-1.10
2016,82,19.15,-0.91
2016,83,20.37,5.01
2016,84,22.78,11.89
2016,85,16.02,6.95
2016,86,22.57,3.02
2016,87,19.28,8.11
2016,88,17.77,7.96
2016,89,17.93,3.76
2016,90,23.85,4.17
2016,91,19.86,9.74
2016,92,22.10,13.19
2016,93,16.00,9.09
2016,94,18.24,3.01
2016,95,24.37,4.42
2016,96,15.57,2.80
2016,97,18.56,2.15
2016,98,17.01,5.01
2016,99,13.11,4.50
2016,100,11.78,2.18
2016,101,15.77,-0.96
2016,102,21.35,5.39
2016,103,18.89,7.39
2016,104,21.95,5.35
2016,105,23.82,9.06
2016,106,24.22,10.10
2016,107,24.49,6.25
2016,108,26.72,6.63
2016,109,29.09,8.06
2016,110,28.77,9.85
2016,111,29.91,13.17
2016,112,25.10,14.50
2016,113,21.51,13.55
2016,114,22.94,9.50
2016,115,26.71,8.24
2016,116,27.97,11.56
2016,117,28.82,13.42
2016,118,28.67,15.48
2016,119,28.13,15.92
2016,120,27.64,13.81
2016,121,22.18,14.17
2016,122,27.03,15.76
2016,123,24.45,15.44
2016,124,21.43,13.43
2016,125,19.93,8.19
2016,126,13.95,6.57
2016,127,21.72,5.98
2016,128,28.09,7.25
2016,129,28.84,13.29
2016,130,26.70,15.42
2016,131,27.60,15.87
2016,132,27.42,17.60
2016,133,28.34,16.40
2016,134,23.83,13.97
2016,135,20.58,8.40
2016,136,19.51,4.27
2016,137,21.59,4.94
2016,138,25.03,10.49
2016,139,22.75,13.13
2016,140,24.57,12.19
2016,141,21.04,14.03
2016,142,22.90,15.20
2016,143,24.64,12.00
2016,144,25.84,10.77
2016,145,28.41,10.57
2016,146,28.40,13.09
2016,147,28.96,16.77
2016,148,29.48,16.73
2016,149,29.64,17.19
2016,150,30.40,18.08
2016,151,31.16,16.98
2016,152,31.71,16.88
2016,153,32.72,17.69
2016,154,29.64,18.47
2016,155,30.36,17.73
2016,156,30.38,18.56
2016,157,24.96,19.26
2016,158,28.63,18.44
2016,159,29.19,15.86
2016,160,27.57,12.40
2016,161,28.93,12.11
2016,162,31.64,13.51
2016,163,33.60,16.31
2016,164,33.38,18.99
2016,165,33.75,20.61
2016,166,33.83,19.88
2016,167,31.84,20.25
2016,168,33.85,18.66
2016,169,29.54,20.15
2016,170,31.40,19.21
2016,171,30.67,16.78
2016,172,31.75,16.93
2016,173,31.15,18.30
2016,174,33.40,20.61
2016,175,34.43,22.24
2016,176,31.32,19.87
2016,177,33.19,19.03
2016,178,33.70,20.24
2016,179,31.99,20.71
2016,180,32.84,20.33
2016,181,31.02,18.78
2016,182,31.75,15.54
2016,183,31.98,16.19
2016,184,32.77,18.14
2016,185,33.69,20.14
2016,186,34.30,21.87
2016,187,30.59,22.13
2016,188,32.43,20.83
2016,189,31.01,19.92
2016,190,33.19,19.52
2016,191,32.12,19.73
2016,192,30.94,19.65
2016,193,31.62,19.38
2016,194,31.31,20.81
2016,195,33.32,19.86
2016,196,33.72,20.00
2016,197,31.33,19.33
2016,198,30.30,19.85
2016,199,33.18,18.83
2016,200,32.68,20.79
2016,201,34.53,21.02
2016,202,34.76,20.76
2016,203,35.35,22.71
2016,204,35.05,21.74
2016,205,35.13,22.01
2016,206,34.36,21.10
2016,207,35.18,21.73
2016,208,35.07,22.16
2016,209,34.84,22.52
2016,210,29.85,21.83
2016,211,31.34,21.24
2016,212,32.26,20.89
2016,213,32.14,20.95
2016,214,33.25,20.84
2016,215,32.52,21.81
2016,216,33.34,20.68
2016,217,33.21,21.32
2016,218,32.04,21.31
2016,219,32.39,21.26
2016,220,31.80,22.09
2016,221,32.54,22.07
2016,222,33.16,22.52
2016,223,32.86,22.74
2016,224,33.20,22.43
2016,225,34.07,21.97
2016,226,32.80,22.84
2016,227,34.37,20.76
2016,228,32.87,21.56
2016,229,34.55,20.99
2016,230,33.60,21.70
2016,231,29.76,20.76
2016,232,26.71,21.01
2016,233,29.67,21.12
2016,234,27.82,20.25
2016,235,28.61,16.26
2016,236,30.51,15.92
2016,237,31.85,18.23
2016,238,32.84,19.83
2016,239,34.37,20.51
2016,240,34.29,21.55
2016,241,33.87,20.69
2016,242,33.47,20.06
2016,243,33.86,20.48
2016,244,34.03,20.43
2016,245,31.50,20.74
2016,246,29.79,19.14
2016,247,30.16,15.92
2016,248,31.83,16.36
2016,249,32.33,17.08
2016,250,33.60,17.17
2016,251,34.36,17.53
2016,252,34.22,18.26
2016,253,34.22,18.87
2016,254,33.43,17.88
2016,255,29.21,18.20
2016,256,32.92,14.16
2016,257,33.44,16.96
2016,258,33.46,18.73
2016,259,33.71,18.33
2016,260,33.50,18.69
2016,261,32.26,18.51
2016,262,25.66,18.82
2016,263,30.18,17.69
2016,264,30.83,17.01
2016,265,31.67,16.82
2016,266,32.10,17.00
2016,267,31.79,17.12
2016,268,32.98,17.06
2016,269,33.51,17.90
2016,270,29.45,18.17
2016,271,27.29,14.64
2016,272,27.72,10.11
2016,273,21.94,9.96
2016,274,21.98,8.35
2016,275,23.50,8.67
2016,276,24.36,10.84
2016,277,26.61,11.23
2016,278,29.04,13.53
2016,279,28.47,12.98
2016,280,28.86,12.38
2016,281,29.69,11.60
2016,282,24.14,13.22
2016,283,23.37,9.47
2016,284,23.88,7.09
2016,285,25.76,7.89
2016,286,24.77,7.17
2016,287,25.38,9.02
2016,288,27.05,12.67
2016,289,27.69,13.06
2016,290,27.16,15.00
2016,291,27.93,13.79
2016,292,29.76,15.11
2016,293,31.06,15.96
2016,294,30.64,16.51
2016,295,18.23,10.77
2016,296,16.86,4.89
2016,297,22.38,2.80
2016,298,26.38,6.65
2016,299,23.86,6.57
2016,300,25.16,5.90
2016,301,25.70,10.71
2016,302,26.17,10.62
2016,303,28.33,8.60
2016,304,28.27,10.76
2016,305,27.90,11.35
2016,306,28.69,13.20
2016,307,27.05,12.47
2016,308,26.71,13.20
2016,309,22.73,11.51
2016,310,20.80,6.15
2016,311,21.59,5.10
2016,312,22.22,4.98
2016,313,20.01,5.56
2016,314,16.10,5.67
2016,315,18.43,2.29
2016,316,18.54,0.98
2016,317,16.26,3.12
2016,318,16.98,0.52
2016,319,17.58,1.10
2016,320,16.81,1.20
2016,321,20.63,2.82
2016,322,23.31,3.48
2016,323,24.65,4.83
2016,324,13.99,3.43
2016,325,9.05,-2.38
2016,326,10.58,-4.07
2016,327,13.23,-1.64
2016,328,18.33,1.81
2016,329,20.04,6.04
2016,330,15.48,5.18
2016,331,9.96,0.85
2016,332,11.94,-4.08
2016,333,18.76,2.06
2016,334,20.69,7.52
2016,335,18.14,8.13
2016,336,10.95,1.82
2016,337,13.48,-1.21
2016,338,7.18,0.01
2016,339,8.36,2.18
2016,340,10.63,4.86
2016,341,12.99,5.22
2016,342,12.21,3.51
2016,343,6.26,-0.82
2016,344,1.78,-5.18
2016,345,4.44,-7.79
2016,346,11.68,-6.07
2016,347,13.53,0.20
2016,348,8.12,1.72
2016,349,7.77,1.13
2016,350,3.01,-5.23
2016,351,5.40,-6.72
2016,352,16.22,-2.08
2016,353,15.91,-0.21
2016,354,2.20,-3.00
2016,355,3.81,-3.58
2016,356,8.28,-4.33
2016,357,13.37,-0.51
2016,358,14.03,0.87
2016,359,11.97,5.35
2016,360,20.01,9.17
2016,361,18.28,10.47
2016,362,16.11,6.53
2016,363,13.75,-0.69
2016,364,11.10,1.45
2016,365,7.67,-0.59
2017,1,9.57,2.09
2017,2,14.97,6.24
2017,3,17.51,9.06
2017,4,10.21,1.81
2017,5,2.42,-3.49
2017,6,-2.44,-5.34
2017,7,-3.46,-10.24
2017,8,-2.80,-13.73
2017,9,5.19,-10.94
2017,10,10.95,-2.75
2017,11,15.33,5.72
2017,12,18.55,10.62
2017,13,17.59,11.79
2017,14,19.74,10.74
2017,15,17.79,11.08
2017,16,16.52,10.54
2017,17,17.43,11.24
2017,18,15.39,7.68
2017,19,14.25,5.00
2017,20,20.11,8.79
2017,21,16.46,8.66
2017,22,18.93,8.96
2017,23,13.02,7.17
2017,24,11.50,3.59
2017,25,17.16,0.44
2017,26,11.41,2.21
2017,27,3.48,0.01
2017,28,9.84,-2.58
2017,29,6.00,-0.93
2017,30,9.75,-1.58
2017,31,17.61,1.09
2017,32,19.40,2.37
2017,33,10.53,3.80
2017,34,5.54,-0.70
2017,35,7.88,-6.39
2017,36,10.59,-1.28
2017,37,11.17,-0.54
2017,38,18.11,6.04
2017,39,17.30,7.36
2017,40,7.98,-1.61
2017,41,14.14,-5.30
2017,42,17.25,3.91
2017,43,23.43,8.82
2017,44,13.63,1.45
2017,45,10.36,-1.01
2017,46,11.05,1.01
2017,47,13.16,-2.46
2017,48,19.20,0.12
2017,49,10.60,3.34
2017,50,18.29,6.73
2017,51,20.91,3.73
2017,52,21.88,6.48
2017,53,17.04,8.86
2017,54,22.98,9.39
2017,55,25.16,10.85
2017,56,17.29,3.98
2017,57,11.84,-3.23
2017,58,11.82,0.61
2017,59,15.98,4.21
2017,60,19.86,7.74
2017,61,12.42,0.98
2017,62,10.18,-1.10
2017,63,16.05,-3.47
2017,64,19.25,-0.64
2017,65,20.07,6.24
2017,66,17.81,9.18
2017,67,19.08,3.63
2017,68,22.41,1.36
2017,69,14.50,1.75
2017,70,5.19,0.77
2017,71,11.70,-0.62
2017,72,11.17,-2.11
2017,73,5.13,-2.57
2017,74,3.16,-5.97
2017,75,9.29,-6.86
2017,76,15.51,-3.70
2017,77,19.84,2.99
2017,78,13.81,2.23
2017,79,19.67,0.56
2017,80,27.53,5.79
2017,81,15.64,6.55
2017,82,19.45,2.64
2017,83,21.68,8.18
2017,84,24.26,11.15
2017,85,22.88,12.00
2017,86,24.13,11.78
2017,87,22.79,11.22
2017,88,26.70,9.09
2017,89,26.82,11.32
2017,90,17.02,11.85
2017,91,17.75,9.46
2017,92,26.36,6.10
2017,93,20.98,10.08
2017,94,25.93,12.76
2017,95,23.43,9.83
2017,96,12.41,7.18
2017,97,15.55,4.69
2017,98,19.77,2.57
2017,99,25.14,2.97
2017,100,27.12,9.96
2017,101,27.72,11.45
2017,102,26.73,11.65
2017,103,28.92,10.02
2017,104,29.83,9.00
2017,105,28.43,13.00
2017,106,27.46,14.14
2017,107,25.19,14.89
2017,108,20.94,15.54
2017,109,26.49,15.72
2017,110,27.27,16.49
2017,111,26.81,16.80
2017,112,22.63,14.43
2017,113,14.76,12.18
2017,114,21.79,11.03
2017,115,24.18,11.17
2017,116,28.06,11.07
2017,117,25.40,13.00
2017,118,27.91,11.51
2017,119,31.80,17.42
2017,120,28.66,17.79
2017,121,23.90,15.00
2017,122,24.91,9.47
2017,123,25.10,9.41
2017,124,21.72,11.01
2017,125,13.43,9.08
2017,126,12.23,5.83
2017,127,19.83,4.14
2017,128,23.56,5.67
2017,129,28.74,10.88
2017,130,29.25,13.90
2017,131,27.02,16.19
2017,132,23.52,16.18
2017,133,24.13,13.41
2017,134,27.57,9.48
2017,135,29.57,12.00
2017,136,30.98,13.47
2017,137,31.24,16.20
2017,138,30.65,19.47
2017,139,30.48,19.44
2017,140,31.63,19.01
2017,141,25.56,18.51
2017,142,24.62,17.46
2017,143,21.98,15.82
2017,144,22.33,13.44
2017,145,19.57,10.16
2017,146,26.33,10.77
2017,147,27.48,14.89
2017,148,25.76,16.31
2017,149,24.97,17.76
2017,150,27.84,16.77
2017,151,28.32,15.49
2017,152,27.92,14.80
2017,153,29.09,15.38
2017,154,30.06,15.06
2017,155,27.59,15.98
2017,156,23.62,17.96
2017,157,26.93,17.38
2017,158,25.64,13.28
2017,159,25.53,13.45
2017,160,27.02,12.28
2017,161,29.38,13.84
2017,162,30.60,16.32
2017,163,31.41,19.71
2017,164,32.09,19.76
2017,165,30.07,18.87
2017,166,29.71,19.42
2017,167,28.96,18.31
2017,168,31.32,18.46
2017,169,31.07,20.29
2017,170,26.53,20.46
2017,171,29.36,17.69
2017,172,28.64,18.38
2017,173,25.06,20.34
2017,174,29.45,21.10
2017,175,29.62,19.22
2017,176,27.02,15.24
2017,177,26.61,12.50
2017,178,26.89,13.29
2017,179,29.35,12.46
2017,180,29.96,16.32
2017,181,27.47,19.29
2017,182,30.73,19.93
2017,183,28.33,19.05
2017,184,30.57,20.06
2017,185,29.05,19.92
2017,186,30.41,20.30
2017,187,29.08,19.80
2017,188,30.36,20.82
2017,189,29.06,20.10
2017,190,30.28,17.94
2017,191,31.97,16.63
2017,192,32.35,17.39
2017,193,32.57,19.60
2017,194,32.30,21.52
2017,195,32.04,21.72
2017,196,29.35,21.29
2017,197,31.81,19.98
2017,198,32.17,18.83
2017,199,32.72,19.48
2017,200,33.23,20.45
2017,201,32.91,20.08
2017,202,34.34,21.20
2017,203,34.64,22.44
2017,204,30.93,21.74
2017,205,32.18,20.26
2017,206,33.50,20.19
2017,207,33.66,19.34
2017,208,30.47,20.83
2017,209,26.39,21.77
2017,210,28.05,19.11
2017,211,29.04,17.02
2017,212,30.50,16.03
2017,213,28.88,16.61
2017,214,30.46,18.08
2017,215,31.23,17.50
2017,216,28.58,18.95
2017,217,27.26,14.71
2017,218,30.76,13.83
2017,219,26.13,18.38
2017,220,27.98,19.52
2017,221,29.67,17.76
2017,222,27.42,18.98
2017,223,28.56,20.66
2017,224,29.36,21.04
2017,225,29.57,20.10
2017,226,29.55,21.04
2017,227,31.04,22.09
2017,228,30.82,20.78
2017,229,31.59,21.91
2017,230,31.25,21.15
2017,231,31.14,17.75
2017,232,32.56,18.64
2017,233,32.57,19.60
2017,234,32.71,20.73
2017,235,30.37,20.18
2017,236,28.27,16.40
2017,237,27.11,16.11
2017,238,29.11,16.45
2017,239,30.71,16.67
2017,240,25.18,17.81
2017,241,28.61,16.21
2017,242,28.60,16.82
2017,243,23.19,18.52
2017,244,24.67,17.20
2017,245,20.28,13.98
2017,246,26.29,12.74
2017,247,28.63,13.44
2017,248,23.48,15.41
2017,249,22.67,12.14
2017,250,22.33,8.91
2017,251,24.20,9.01
2017,252,25.82,11.00
2017,253,23.78,11.27
2017,254,17.17,12.48
2017,255,20.63,14.66
2017,256,18.82,14.38
2017,257,23.62,15.02
2017,258,28.12,16.24
2017,259,29.30,15.77
2017,260,29.38,15.68
2017,261,29.64,15.68
2017,262,29.95,16.23
2017,263,29.59,16.10
2017,264,30.20,16.91
2017,265,30.75,17.79
2017,266,31.39,18.08
2017,267,30.29,17.92
2017,268,29.92,17.25
2017,269,30.58,16.05
2017,270,31.24,16.52
2017,271,29.77,16.73
2017,272,27.02,15.13
2017,273,24.86,12.22
2017,274,24.46,9.57
2017,275,25.56,8.31
2017,276,26.95,9.93
2017,277,27.12,10.70
2017,278,27.86,11.37
2017,279,27.94,12.44
2017,280,29.28,14.29
2017,281,23.08,18.16
2017,282,29.13,20.29
2017,283,27.63,20.87
2017,284,28.98,19.07
2017,285,26.12,13.49
2017,286,28.13,12.57
2017,287,24.93,15.37
2017,288,26.45,14.68
2017,289,18.46,9.06
2017,290,20.06,5.31
2017,291,21.72,5.15
2017,292,21.76,5.94
2017,293,24.46,6.48
2017,294,24.21,7.98
2017,295,25.55,8.72
2017,296,20.55,9.05
2017,297,16.49,7.39
2017,298,13.98,4.04
2017,299,18.29,2.25
2017,300,21.68,5.11
2017,301,16.18,4.31
2017,302,6.90,1.09
2017,303,15.43,-1.94
2017,304,17.08,1.04
2017,305,16.71,4.71
2017,306,21.36,9.55
2017,307,21.23,13.28
2017,308,23.02,14.80
2017,309,23.89,14.93
2017,310,22.99,15.56
2017,311,21.25,12.69
2017,312,12.24,8.32
2017,313,15.23,6.52
2017,314,11.33,2.80
2017,315,13.85,-0.39
2017,316,13.08,4.04
2017,317,11.32,6.17
2017,318,13.87,2.75
2017,319,13.80,0.97
2017,320,16.35,3.74
2017,321,16.99,1.84
2017,322,18.46,5.04
2017,323,8.71,1.57
2017,324,10.96,-3.16
2017,325,15.03,-0.37
2017,326,11.74,0.51
2017,327,12.93,-1.53
2017,328,15.24,-0.99
2017,329,17.32,2.64
2017,330,14.44,0.86
2017,331,15.54,-2.06
2017,332,17.44,-1.21
2017,333,18.33,0.88
2017,334,14.80,2.72
2017,335,15.65,5.63
2017,336,17.72,5.76
2017,337,16.94,2.68
2017,338,19.11,2.61
2017,339,15.36,3.41
2017,340,6.30,0.68
2017,341,9.09,0.44
2017,342,2.58,-1.23
2017,343,5.28,-2.15
2017,344,5.66,-4.67
2017,345,12.94,-2.92
2017,346,7.76,-3.38
2017,347,6.98,-6.55
2017,348,9.32,-3.68
2017,349,2.47,-3.32
2017,350,8.85,-5.28
2017,351,6.40,-2.91
2017,352,11.60,2.95
2017,353,13.38,4.50
2017,354,13.48,7.91
2017,355,14.26,7.42
2017,356,15.71,8.86
2017,357,18.81,7.81
2017,358,8.33,2.66
2017,359,0.94,-3.91
2017,360,5.46,-3.54
2017,361,3.20,-5.25
2017,362,3.25,-8.20
2017,363,5.79,-5.37
2017,364,3.58,-3.01
2017,365,-2.14,-7.58
2018,1,-5.24,-11.83
2018,2,-1.84,-14.32
2018,3,1.54,-11.76
2018,4,-2.66,-10.14
2018,5,-3.88,-12.37
2018,6,-2.23,-13.34
2018,7,2.10,-12.84
2018,8,2.77,-5.89
2018,9,8.46,0.11
2018,10,19.09,3.84
2018,11,14.50,6.71
2018,12,14.08,1.65
2018,13,-1.89,-6.83
2018,14,-1.36,-10.88
2018,15,6.81,-8.96
2018,16,1.69,-8.15
2018,17,-6.16,-14.73
2018,18,0.89,-14.33
2018,19,8.27,-11.19
2018,20,14.37,-4.95
2018,21,17.02,2.38
2018,22,15.93,4.47
2018,23,12.49,3.23
2018,24,7.90,0.68
2018,25,10.77,-4.07
2018,26,13.33,-3.39
2018,27,13.57,2.37
2018,28,11.50,5.44
2018,29,12.45,0.15
2018,30,4.97,-3.09
2018,31,12.31,-5.71
2018,32,10.52,-1.79
2018,33,2.49,-6.38
2018,34,5.77,-7.39
2018,35,6.76,-1.82
2018,36,4.62,-3.27
2018,37,7.32,-2.09
2018,38,10.02,0.32
2018,39,8.78,-2.74
2018,40,16.36,-3.05
2018,41,12.22,3.03
2018,42,17.97,8.33
2018,43,9.45,2.88
2018,44,11.30,3.13
2018,45,14.60,6.67
2018,46,21.53,11.07
2018,47,18.85,8.35
2018,48,9.70,5.70
2018,49,15.74,2.57
2018,50,21.27,7.90
2018,51,24.51,11.78
2018,52,26.00,14.92
2018,53,25.93,15.57
2018,54,25.96,13.50
2018,55,22.02,14.40
2018,56,18.68,12.04
2018,57,13.03,6.17
2018,58,17.79,1.42
2018,59,13.38,5.55
2018,60,14.88,7.79
2018,61,12.47,3.69
2018,62,13.17,0.15
2018,63,15.75,-0.28
2018,64,14.48,1.21
2018,65,17.41,5.40
2018,66,7.55,1.07
2018,67,3.82,-0.59
2018,68,11.02,-4.34
2018,69,13.38,2.07
2018,70,12.61,6.71
2018,71,9.86,1.75
2018,72,9.59,-0.97
2018,73,7.76,-1.93
2018,74,18.99,-1.70
2018,75,20.36,3.55
2018,76,23.90,6.72
2018,77,18.54,8.26
2018,78,18.82,9.26
2018,79,15.35,5.40
2018,80,3.75,-0.03
2018,81,10.25,-3.03
2018,82,10.15,-2.61
2018,83,7.20,1.50
2018,84,14.02,4.60
2018,85,13.92,7.01
2018,86,15.90,7.73
2018,87,21.30,10.07
2018,88,23.73,12.85
2018,89,14.50,7.46
2018,90,20.00,1.35
2018,91,22.19,5.91
2018,92,21.81,10.42
2018,93,24.86,9.84
2018,94,16.81,5.14
2018,95,15.72,-0.47
2018,96,14.04,2.18
2018,97,7.60,1.99
2018,98,9.85,-1.65
2018,99,14.18,1.34
2018,100,17.00,1.65
2018,101,18.71,1.45
2018,102,25.54,4.72
2018,103,26.84,9.87
2018,104,25.36,13.34
2018,105,16.93,8.85
2018,106,4.84,1.59
2018,107,21.37,-1.23
2018,108,26.73,6.79
2018,109,17.97,5.42
2018,110,19.41,0.55
2018,111,23.13,3.80
2018,112,18.83,7.44
2018,113,16.30,10.73
2018,114,19.18,11.88
2018,115,16.90,11.42
2018,116,13.91,8.85
2018,117,22.32,8.39
2018,118,24.62,7.23
2018,119,19.50,5.32
2018,120,24.44,2.94
2018,121,27.13,5.94
2018,122,28.67,10.19
2018,123,29.33,13.09
2018,124,28.23,15.73
2018,125,25.41,15.80
2018,126,26.34,13.43
2018,127,26.45,11.94
2018,128,27.04,11.99
2018,129,28.50,12.72
2018,130,28.61,16.23
2018,131,31.08,15.71
2018,132,31.59,16.52
2018,133,31.87,15.38
2018,134,32.35,16.20
2018,135,30.56,18.10
2018,136,28.51,17.37
2018,137,29.18,17.94
2018,138,27.42,18.02
2018,139,29.22,17.84
2018,140,30.91,18.24
2018,141,29.08,18.53
2018,142,28.38,18.80
2018,143,29.95,17.69
2018,144,31.64,18.62
2018,145,30.77,19.26
2018,146,29.50,19.83
2018,147,28.92,19.50
2018,148,25.05,19.46
2018,149,27.61,19.71
2018,150,27.91,20.31
2018,151,26.84,19.58
2018,152,28.27,18.40
2018,153,30.19,18.75
2018,154,31.11,18.26
2018,155,28.37,14.24
2018,156,27.79,13.92
2018,157,30.33,13.80
2018,158,30.39,14.34
2018,159,31.72,15.58
2018,160,31.87,18.00
2018,161,30.59,18.48
2018,162,29.49,19.25
2018,163,30.57,18.18
2018,164,28.97,20.02
2018,165,32.25,20.17
2018,166,32.83,19.17
2018,167,34.08,18.17
2018,168,34.01,19.91
2018,169,33.85,19.48
2018,170,33.40,21.15
2018,171,32.04,20.99
2018,172,26.77,21.51
2018,173,29.66,20.53
2018,174,29.92,19.86
2018,175,31.85,20.40
2018,176,28.99,19.70
2018,177,31.21,19.70
2018,178,23.41,19.38
2018,179,24.37,19.02
2018,180,31.48,19.72
2018,181,33.65,20.30
2018,182,31.60,21.44
2018,183,31.62,21.30
2018,184,33.39,21.24
2018,185,33.84,22.01
2018,186,33.39,22.05
2018,187,32.69,21.19
2018,188,29.02,20.29
2018,189,30.38,20.29
2018,190,31.32,19.30
2018,191,32.66,20.25
2018,192,32.28,21.28
2018,193,32.31,21.14
2018,194,32.96,19.89
2018,195,32.28,21.60
2018,196,31.35,21.67
2018,197,30.77,22.33
2018,198,30.36,21.51
2018,199,31.35,20.60
2018,200,31.65,18.47
2018,201,31.30,19.29
2018,202,29.86,17.72
2018,203,25.93,18.96
2018,204,28.53,19.09
2018,205,27.60,19.02
2018,206,30.81,19.15
2018,207,31.00,17.42
2018,208,29.72,18.58
2018,209,29.17,16.49
2018,210,30.88,17.85
2018,211,31.18,19.42
2018,212,28.32,19.74
2018,213,22.36,19.59
2018,214,23.14,18.83
2018,215,29.43,19.50
2018,216,31.51,19.30
2018,217,31.25,20.35
2018,218,32.28,20.87
2018,219,31.65,21.19
2018,220,30.64,20.82
2018,221,29.16,20.33
2018,222,28.65,20.29
2018,223,30.70,20.29
2018,224,30.74,19.86
2018,225,29.94,18.37
2018,226,30.39,18.07
2018,227,29.78,18.55
2018,228,31.97,19.87
2018,229,30.13,20.43
2018,230,29.17,21.20
2018,231,29.54,21.25
2018,232,29.22,21.74
2018,233,28.18,22.10
2018,234,27.46,19.90
2018,235,27.32,15.05
2018,236,28.13,14.23
2018,237,28.58,16.03
2018,238,30.64,17.51
2018,239,31.73,19.15
2018,240,32.44,20.28
2018,241,31.74,20.74
2018,242,32.31,20.60
2018,243,29.99,19.20
2018,244,31.15,19.56
2018,245,32.11,19.30
2018,246,32.73,19.72
2018,247,31.43,19.90
2018,248,30.69,21.00
2018,249,31.45,21.10
2018,250,32.48,19.85
2018,251,31.10,20.64
2018,252,30.24,20.63
2018,253,25.44,19.78
2018,254,27.11,18.17
2018,255,30.03,18.24
2018,256,32.32,19.92
2018,257,32.55,20.23
2018,258,31.68,20.77
2018,259,24.66,20.78
2018,260,24.84,20.55
2018,261,30.60,19.98
2018,262,31.89,19.18
2018,263,32.50,19.63
2018,264,30.76,20.42
2018,265,31.11,20.66
2018,266,27.04,20.02
2018,267,22.44,19.83
2018,268,26.71,19.70
2018,269,22.91,19.96
2018,270,22.46,18.02
2018,271,23.62,14.91
2018,272,26.60,15.27
2018,273,29.32,14.91
2018,274,28.38,18.36
2018,275,26.28,18.50
2018,276,28.67,17.66
2018,277,30.19,18.09
2018,278,30.67,18.77
2018,279,30.84,19.00
2018,280,30.37,19.21
2018,281,29.56,19.05
2018,282,27.73,19.40
2018,283,28.54,19.03
2018,284,22.63,15.61
2018,285,19.07,7.69
2018,286,16.23,8.48
2018,287,20.06,9.04
2018,288,24.51,12.48
2018,289,16.89,12.57
2018,290,19.75,10.18
2018,291,18.31,6.20
2018,292,21.30,5.30
2018,293,17.91,6.82
2018,294,13.79,1.88
2018,295,16.61,0.96
2018,296,18.43,3.33
2018,297,17.73,3.84
2018,298,12.82,4.87
2018,299,12.38,7.35
2018,300,11.02,8.45
2018,301,19.93,5.25
2018,302,17.46,4.20
2018,303,19.04,2.87
2018,304,22.05,7.23
2018,305,20.58,10.33
2018,306,12.75,6.90
2018,307,14.64,2.67
2018,308,17.38,2.07
2018,309,18.30,6.74
2018,310,20.27,9.10
2018,311,19.12,5.92
2018,312,14.26,7.46
2018,313,12.79,5.43
2018,314,6.98,-0.58
2018,315,11.56,-3.31
2018,316,7.09,1.06
2018,317,7.09,3.62
2018,318,5.46,3.24
2018,319,6.99,1.14
2018,320,10.09,-1.38
2018,321,14.36,-1.25
2018,322,15.29,0.02
2018,323,17.70,2.85
2018,324,9.87,2.82
2018,325,10.84,-1.89
2018,326,14.93,-1.32
2018,327,10.01,-0.18
2018,328,10.01,2.80
2018,329,13.31,5.73
2018,330,8.92,2.12
2018,331,1.50,-2.17
2018,332,2.05,-6.93
2018,333,5.71,-5.21
2018,334,13.57,0.82
2018,335,15.29,8.99
2018,336,20.57,10.41
2018,337,13.34,5.67
2018,338,5.02,1.97
2018,339,2.96,-1.72
2018,340,5.99,-5.79
2018,341,7.89,-0.58
2018,342,5.29,1.98
2018,343,3.69,0.90
2018,344,6.40,-0.15
2018,345,8.09,-4.66
2018,346,8.42,-2.95
2018,347,13.62,1.96
2018,348,12.29,5.84
2018,349,12.00,7.15
2018,350,9.17,5.38
2018,351,13.29,2.57
2018,352,12.55,-0.75
2018,353,10.97,-0.44
2018,354,8.55,2.62
2018,355,7.56,3.77
2018,356,8.11,0.54
2018,357,5.88,-2.16
2018,358,8.09,-1.87
2018,359,8.20,-1.81
2018,360,13.34,-1.33
2018,361,15.16,1.94
2018,362,15.38,7.79
2018,363,10.66,4.11
2018,364,13.89,4.97
2018,365,20.27,7.82
2019,1,14.46,8.02
2019,2,9.49,6.50
2019,3,10.32,6.85
2019,4,15.69,6.37
2019,5,13.45,3.28
2019,6,16.43,0.75
2019,7,20.01,4.08
2019,8,18.94,6.03
2019,9,7.88,-0.07
2019,10,3.74,-3.39
2019,11,7.30,-5.28
2019,12,8.41,-0.01
2019,13,6.78,3.60
2019,14,4.41,1.61
2019,15,2.82,0.14
2019,16,4.56,-0.55
2019,17,6.32,0.37
2019,18,10.34,3.94
2019,19,12.70,4.16
2019,20,3.63,-5.06
2019,21,-1.40,-10.31
2019,22,9.19,-8.42
2019,23,12.80,-0.22
2019,24,7.12,-2.23
2019,25,3.95,-3.06
2019,26,7.41,-3.94
2019,27,9.84,-2.39
2019,28,12.80,-2.37
2019,29,6.79,-5.06
2019,30,-0.65,-8.16
2019,31,4.50,-7.62
2019,32,7.76,-3.14
2019,33,17.08,1.33
2019,34,17.05,1.73
2019,35,14.51,2.54
2019,36,21.11,7.69
2019,37,19.68,11.21
2019,38,24.27,13.53
2019,39,10.86,1.15
2019,40,7.90,-3.06
2019,41,5.42,-0.61
2019,42,9.96,2.88
2019,43,14.37,3.93
2019,44,10.18,-0.17
2019,45,15.51,-1.40
2019,46,15.55,2.63
2019,47,8.80,3.53
2019,48,10.89,4.07
2019,49,9.60,1.76
2019,50,5.50,-0.90
2019,51,10.76,2.38
2019,52,11.26,6.37
2019,53,10.75,7.27
2019,54,12.77,8.92
2019,55,14.53,6.27
2019,56,12.50,-0.92
2019,57,17.67,-0.64
2019,58,20.82,3.84
2019,59,14.52,7.67
2019,60,13.29,7.64
2019,61,12.17,4.86
2019,62,7.48,2.69
2019,63,2.37,-3.40
2019,64,3.53,-6.55
2019,65,4.50,-8.01
2019,66,9.48,-4.28
2019,67,7.87,1.83
2019,68,14.85,4.76
2019,69,21.42,8.57
2019,70,14.85,5.73
2019,71,15.99,1.89
2019,72,20.62,4.42
2019,73,20.96,9.85
2019,74,18.53,8.18
2019,75,13.58,0.55
2019,76,16.09,-0.81
2019,77,12.14,0.75
2019,78,13.52,-1.54
2019,79,17.14,-1.29
2019,80,13.44,2.72
2019,81,17.50,3.68
2019,82,17.68,1.35
2019,83,21.85,1.59
2019,84,15.85,5.94
2019,85,15.01,6.00
2019,86,18.57,2.37
2019,87,21.20,3.65
2019,88,22.35,6.64
2019,89,23.82,8.10
2019,90,12.13,2.78
2019,91,12.90,-1.30
2019,92,14.05,1.12
2019,93,21.50,1.06
2019,94,22.75,4.49
2019,95,19.42,8.25
2019,96,24.87,9.82
2019,97,25.06,12.88
2019,98,19.89,14.31
2019,99,24.47,13.78
2019,100,26.48,9.13
2019,101,28.08,10.58
2019,102,25.76,14.43
2019,103,22.10,13.94
2019,104,26.42,10.62
2019,105,16.58,4.12
2019,106,25.61,3.09
2019,107,26.41,8.42
2019,108,26.22,12.71
2019,109,20.21,10.10
2019,110,9.91,5.63
2019,111,21.01,6.06
2019,112,26.14,5.71
2019,113,27.95,8.88
2019,114,27.63,12.33
2019,115,23.30,14.60
2019,116,21.06,12.19
2019,117,22.93,5.27
2019,118,26.55,11.76
2019,119,28.30,9.84
2019,120,29.61,14.44
2019,121,28.36,16.52
2019,122,28.58,16.70
2019,123,27.57,15.35
2019,124,23.72,15.71
2019,125,22.01,14.88
2019,126,25.32,11.31
2019,127,27.68,10.71
2019,128,29.30,12.79
2019,129,24.48,16.38
2019,130,27.49,16.22
2019,131,23.37,17.53
2019,132,22.76,16.57
2019,133,19.34,10.78
2019,134,20.29,7.30
2019,135,20.04,6.94
2019,136,27.38,9.55
2019,137,30.15,14.30
2019,138,30.89,15.78
2019,139,29.85,16.70
2019,140,29.42,16.98
2019,141,30.32,12.77
2019,142,31.83,16.55
2019,143,31.41,18.80
2019,144,32.41,18.78
2019,145,32.26,19.38
2019,146,32.58,18.78
2019,147,32.08,18.16
2019,148,31.88,19.83
2019,149,33.32,19.83
2019,150,30.78,19.68
2019,151,28.28,17.47
2019,152,28.55,14.59
2019,153,30.21,15.75
2019,154,28.25,15.61
2019,155,29.44,13.82
2019,156,26.84,17.89
2019,157,24.70,18.90
2019,158,25.87,19.90
2019,159,26.36,19.38
2019,160,27.19,19.77
2019,161,29.10,19.05
2019,162,24.70,13.55
2019,163,22.06,15.09
2019,164,23.64,14.27
2019,165,25.88,9.21
2019,166,28.85,13.60
2019,167,31.28,18.02
2019,168,29.87,20.08
2019,169,25.68,20.39
2019,170,28.90,20.00
2019,171,26.59,18.35
2019,172,28.92,17.21
2019,173,27.30,17.98
2019,174,30.27,19.35
2019,175,28.68,19.48
2019,176,29.54,18.78
2019,177,31.04,17.23
2019,178,32.40,18.39
2019,179,31.58,18.72
2019,180,31.69,18.39
2019,181,32.31,19.49
2019,182,32.06,19.88
2019,183,32.36,20.35
2019,184,31.19,20.04
2019,185,31.67,19.43
2019,186,32.90,20.11
2019,187,32.35,20.83
2019,188,32.02,21.58
2019,189,32.31,20.92
2019,190,34.03,21.36
2019,191,32.44,22.26
2019,192,29.65,22.48
2019,193,30.91,22.07
2019,194,31.36,21.87
2019,195,28.73,20.97
2019,196,30.93,21.13
2019,197,32.28,22.15
2019,198,27.89,21.87
2019,199,30.98,21.99
2019,200,33.13,20.87
2019,201,32.32,22.21
2019,202,30.89,22.22
2019,203,29.37,21.42
2019,204,26.37,17.97
2019,205,27.45,13.30
2019,206,28.64,14.09
2019,207,30.10,15.14
2019,208,30.93,16.33
2019,209,31.24,17.40
2019,210,31.59,18.74
2019,211,30.01,19.97
2019,212,30.71,19.03
2019,213,30.42,19.64
2019,214,29.89,19.60
2019,215,31.02,18.37
2019,216,29.20,19.38
2019,217,31.08,19.64
2019,218,30.75,18.33
2019,219,31.08,19.05
2019,220,30.86,19.29
2019,221,32.13,19.17
2019,222,32.37,21.19
2019,223,32.61,19.37
2019,224,32.99,18.94
2019,225,32.13,21.29
2019,226,32.15,21.12
2019,227,32.33,19.53
2019,228,32.26,17.90
2019,229,33.17,17.75
2019,230,34.65,19.04
2019,231,34.82,20.62
2019,232,34.04,20.32
2019,233,33.79,21.33
2019,234,31.12,21.47
2019,235,29.97,21.04
2019,236,28.87,20.63
2019,237,25.28,19.79
2019,238,23.04,19.46
2019,239,28.31,19.59
2019,240,29.87,17.97
2019,241,28.36,14.51
2019,242,30.22,13.88
2019,243,31.20,15.81
2019,244,31.12,16.98
2019,245,31.60,18.22
2019,246,32.64,19.20
2019,247,32.95,18.88
2019,248,30.61,19.11
2019,249,30.64,15.28
2019,250,30.80,17.16
2019,251,31.36,15.51
2019,252,32.86,16.91
2019,253,34.63,18.35
2019,254,33.50,19.65
2019,255,34.04,19.88
2019,256,34.85,20.12
2019,257,31.53,21.05
2019,258,33.68,17.75
2019,259,33.80,16.14
2019,260,33.47,18.83
2019,261,32.45,19.34
2019,262,28.65,18.69
2019,263,29.38,16.72
2019,264,30.57,16.36
2019,265,31.14,15.77
2019,266,27.86,15.46
2019,267,29.22,15.97
2019,268,31.70,12.59
2019,269,30.98,16.36
2019,270,32.42,18.26
2019,271,32.35,19.66
2019,272,33.15,19.98
2019,273,34.16,20.25
2019,274,34.47,20.39
2019,275,34.74,19.61
2019,276,35.04,18.15
2019,277,30.64,18.10
2019,278,30.87,16.21
2019,279,24.58,17.06
2019,280,22.27,15.79
2019,281,23.93,14.20
2019,282,24.67,13.04
2019,283,26.64,13.42
2019,284,26.79,13.81
2019,285,19.94,9.06
2019,286,21.95,5.14
2019,287,22.89,5.13
2019,288,23.03,6.18
2019,289,17.97,7.33
2019,290,16.38,3.22
2019,291,18.78,3.55
2019,292,15.86,5.06
2019,293,19.90,9.57
2019,294,22.28,12.09
2019,295,19.88,10.75
2019,296,18.74,4.45
2019,297,19.65,2.80
2019,298,15.65,6.24
2019,299,22.37,11.15
2019,300,20.13,10.46
2019,301,22.86,8.50
2019,302,22.38,9.86
2019,303,19.68,12.83
2019,304,21.91,7.32
2019,305,9.29,0.43
2019,306,13.62,-0.65
2019,307,13.48,-0.79
2019,308,13.61,-0.11
2019,309,18.19,3.01
2019,310,19.13,3.78
2019,311,13.60,5.52
2019,312,7.60,-0.60
2019,313,11.52,-2.79
2019,314,17.53,0.41
2019,315,17.63,2.31
2019,316,7.64,-4.13
2019,317,6.08,-7.10
2019,318,9.59,-4.41
2019,319,12.84,1.20
2019,320,13.38,-0.48
2019,321,15.55,-1.11
2019,322,14.60,1.72
2019,323,10.69,2.58
2019,324,13.72,2.60
2019,325,16.84,3.15
2019,326,14.17,7.60
2019,327,16.38,6.94
2019,328,8.52,2.22
2019,329,12.62,-1.20
2019,330,13.91,0.07
2019,331,18.58,3.46
2019,332,12.17,0.66
2019,333,12.22,3.84
2019,334,13.91,6.93
2019,335,16.05,6.75
2019,336,6.26,1.60
2019,337,6.29,0.38
2019,338,13.09,-1.14
2019,339,14.81,-0.56
2019,340,11.34,1.76
2019,341,14.83,2.75
2019,342,15.03,1.50
2019,343,15.46,5.39
2019,344,13.87,2.01
2019,345,5.57,-3.97
2019,346,8.91,-3.44
2019,347,7.63,0.61
2019,348,9.53,5.00
2019,349,13.51,2.50
2019,350,19.73,7.32
2019,351,12.92,2.97
2019,352,6.48,-3.77
2019,353,6.80,-4.99
2019,354,9.99,-4.46
2019,355,10.21,-1.08
2019,356,9.38,3.04
2019,357,14.85,5.72
2019,358,18.39,4.50
2019,359,15.52,2.68
2019,360,17.74,2.87
2019,361,16.60,4.36
2019,362,20.20,6.18
2019,363,20.78,11.25
2019,364,17.18,7.18
2019,365,8.75,2.32
2020,1,9.76,-0.74
2020,2,8.59,1.93
2020,3,13.45,5.48
2020,4,11.79,4.13
2020,5,9.34,0.62
2020,6,12.27,-1.18
2020,7,11.13,0.58
2020,8,13.20,-1.02
2020,9,14.56,-1.56
2020,10,18.19,5.07
2020,11,22.02,10.97
2020,12,16.00,6.33
2020,13,16.28,5.98
2020,14,16.50,9.69
2020,15,17.83,12.57
2020,16,14.93,5.77
2020,17,8.23,0.27
2020,18,8.52,2.99
2020,19,6.49,-2.96
2020,20,-2.18,-6.22
2020,21,0.76,-5.90
2020,22,5.09,-8.34
2020,23,7.68,-3.43
2020,24,10.44,1.89
2020,25,6.36,2.06
2020,26,6.55,-1.03
2020,27,10.73,1.08
2020,28,11.07,-1.51
2020,29,9.42,-0.00
2020,30,12.59,3.18
2020,31,11.16,4.08
2020,32,9.13,1.75
2020,33,17.37,0.27
2020,34,20.96,4.10
2020,35,17.14,7.94
2020,36,16.72,11.63
2020,37,15.81,8.36
2020,38,5.47,-0.28
2020,39,3.70,-3.22
2020,40,11.49,-1.10
2020,41,11.13,3.09
2020,42,15.24,6.79
2020,43,14.47,5.50
2020,44,14.28,3.34
2020,45,4.89,-2.97
2020,46,10.47,-6.19
2020,47,13.65,-0.87
2020,48,18.29,0.55
2020,49,13.86,5.36
2020,50,11.09,5.59
2020,51,5.86,0.90
2020,52,6.41,-4.32
2020,53,12.38,-5.60
2020,54,12.53,-2.77
2020,55,8.92,2.28
2020,56,17.50,6.14
2020,57,11.14,3.23
2020,58,7.19,-1.31
2020,59,5.40,-1.12
2020,60,8.33,-1.23
2020,61,16.84,-4.11
2020,62,12.89,3.49
2020,63,20.13,7.96
2020,64,17.60,5.25
2020,65,15.39,6.12
2020,66,9.35,3.56
2020,67,11.93,0.07
2020,68,18.19,-1.68
2020,69,20.05,2.65
2020,70,15.64,7.36
2020,71,19.64,11.70
2020,72,19.29,10.33
2020,73,19.47,11.14
2020,74,15.06,9.24
2020,75,12.43,6.63
2020,76,13.81,5.57
2020,77,15.74,8.79
2020,78,20.48,10.54
2020,79,25.81,13.61
2020,80,20.72,14.90
2020,81,14.15,7.20
2020,82,15.52,4.80
2020,83,14.35,8.63
2020,84,13.99,10.58
2020,85,19.61,9.12
2020,86,25.16,5.82
2020,87,28.13,11.55
2020,88,27.04,15.82
2020,89,25.30,14.91
2020,90,20.82,8.55
2020,91,11.95,6.85
2020,92,11.22,3.83
2020,93,17.69,1.51
2020,94,22.94,3.07
2020,95,24.60,7.41
2020,96,26.99,9.21
2020,97,27.18,10.16
2020,98,26.89,12.61
2020,99,27.86,14.61
2020,100,20.61,11.51
2020,101,14.81,3.89
2020,102,20.62,0.54
2020,103,16.54,6.51
2020,104,17.43,7.72
2020,105,15.76,4.13
2020,106,15.19,0.05
2020,107,17.62,1.01
2020,108,22.72,2.29
2020,109,16.55,4.12
2020,110,19.58,2.89
2020,111,21.68,6.95
2020,112,22.22,9.30
2020,113,20.83,4.22
2020,114,18.77,7.96
2020,115,20.66,10.84
2020,116,17.80,9.15
2020,117,13.00,8.24
2020,118,20.51,3.86
2020,119,25.08,6.40
2020,120,22.96,9.75
2020,121,14.48,9.28
2020,122,23.41,6.16
2020,123,27.23,6.94
2020,124,28.82,12.19
2020,125,26.31,14.30
2020,126,26.13,13.87
2020,127,16.58,6.24
2020,128,19.38,2.50
2020,129,12.47,4.31
2020,130,16.44,1.05
2020,131,21.05,1.61
2020,132,16.98,3.85
2020,133,17.56,4.11
2020,134,18.62,8.31
2020,135,27.05,10.57
2020,136,27.75,14.31
2020,137,29.64,14.53
2020,138,30.02,15.54
2020,139,24.80,17.35
2020,140,19.84,14.65
2020,141,20.63,12.71
2020,142,22.50,12.66
2020,143,21.56,14.64
2020,144,28.52,15.72
2020,145,30.21,18.09
2020,146,29.74,17.52
2020,147,25.14,17.62
2020,148,25.94,18.49
2020,149,26.62,18.10
2020,150,28.33,17.64
2020,151,28.18,16.44
2020,152,26.15,14.68
2020,153,27.94,11.17
2020,154,29.77,14.81
2020,155,30.18,17.85
2020,156,30.84,19.44
2020,157,29.25,19.93
2020,158,31.98,18.26
2020,159,33.61,19.00
2020,160,31.84,18.72
2020,161,30.44,20.53
2020,162,30.87,21.32
2020,163,28.57,16.76
2020,164,29.07,14.28
2020,165,29.76,13.94
2020,166,27.39,14.27
2020,167,25.24,13.43
2020,168,24.14,13.75
2020,169,23.28,12.61
2020,170,26.58,13.86
2020,171,27.46,16.47
2020,172,30.69,16.78
2020,173,31.07,17.97
2020,174,29.43,19.47
2020,175,29.36,19.66
2020,176,28.25,18.02
2020,177,30.15,18.87
2020,178,29.57,17.53
2020,179,27.22,19.44
2020,180,28.03,19.96
2020,181,31.85,19.85
2020,182,27.51,20.29
2020,183,29.38,20.46
2020,184,32.11,19.61
2020,185,32.57,18.88
2020,186,33.43,19.83
2020,187,33.11,21.49
2020,188,32.56,20.53
2020,189,31.23,21.24
2020,190,31.82,20.66
2020,191,33.34,20.56
2020,192,33.44,21.06
2020,193,31.67,19.11
2020,194,29.19,19.13
2020,195,32.42,18.26
2020,196,33.60,17.82
2020,197,34.41,18.65
2020,198,35.19,21.59
2020,199,35.68,22.36
2020,200,35.54,22.58
2020,201,35.00,22.37
2020,202,35.54,22.30
2020,203,35.02,21.23
2020,204,33.30,21.95
2020,205,32.63,22.00
2020,206,30.60,21.57
2020,207,30.47,20.41
2020,208,32.76,19.73
2020,209,32.66,20.50
2020,210,30.98,21.46
2020,211,32.56,21.95
2020,212,30.38,22.21
2020,213,32.70,22.34
2020,214,31.70,21.85
2020,215,29.40,20.45
2020,216,28.83,18.89
2020,217,29.23,18.50
2020,218,31.03,18.38
2020,219,29.60,19.77
2020,220,31.21,19.22
2020,221,32.26,18.62
2020,222,33.25,18.16
2020,223,28.88,19.99
2020,224,32.27,20.82
2020,225,32.48,20.51
2020,226,31.58,21.27
2020,227,28.86,21.29
2020,228,28.04,21.25
2020,229,31.07,19.53
2020,230,30.61,19.46
2020,231,31.47,16.97
2020,232,29.06,17.97
2020,233,29.19,18.31
2020,234,27.25,19.41
2020,235,29.21,19.63
2020,236,29.00,19.44
2020,237,30.80,19.88
2020,238,29.84,20.97
2020,239,31.10,20.06
2020,240,30.46,21.38
2020,241,29.53,23.18
2020,242,30.43,21.74
2020,243,30.45,20.69
2020,244,29.40,20.88
2020,245,30.77,21.10
2020,246,31.94,22.09
2020,247,30.85,21.97
2020,248,31.02,19.58
2020,249,28.48,15.86
2020,250,28.99,13.80
2020,251,29.30,14.98
2020,252,30.60,16.10
2020,253,30.70,16.81
2020,254,31.34,18.68
2020,255,32.03,19.64
2020,256,30.71,20.93
2020,257,30.34,20.57
2020,258,29.06,19.96
2020,259,28.44,18.45
2020,260,27.46,17.74
2020,261,26.34,18.39
2020,262,24.09,16.17
2020,263,22.71,13.56
2020,264,23.84,12.35
2020,265,23.27,8.32
2020,266,21.90,8.18
2020,267,21.81,11.29
2020,268,16.89,13.04
2020,269,19.83,14.93
2020,270,24.50,16.06
2020,271,25.85,15.93
2020,272,27.06,14.65
2020,273,16.68,11.71
2020,274,21.97,8.02
2020,275,22.30,9.07
2020,276,18.85,5.92
2020,277,20.65,5.16
2020,278,21.73,7.12
2020,279,21.55,8.49
2020,280,24.38,8.32
2020,281,26.19,10.05
2020,282,26.05,10.41
2020,283,21.51,13.32
2020,284,20.09,16.23
2020,285,21.61,17.51
2020,286,24.89,18.09
2020,287,22.56,10.92
2020,288,24.67,7.00
2020,289,25.45,10.19
2020,290,17.12,5.49
2020,291,17.72,1.60
2020,292,20.47,3.37
2020,293,23.04,7.87
2020,294,23.61,10.57
2020,295,25.77,10.89
2020,296,26.64,12.23
2020,297,26.67,12.65
2020,298,20.75,12.94
2020,299,22.19,13.58
2020,300,22.91,14.85
2020,301,23.09,11.88
2020,302,20.34,15.05
2020,303,26.02,14.22
2020,304,14.19,5.97
2020,305,17.34,2.73
2020,306,18.39,4.29
2020,307,12.19,-0.78
2020,308,16.00,-0.53
2020,309,20.06,1.56
2020,310,18.53,3.19
2020,311,21.64,5.01
2020,312,23.99,6.23
2020,313,25.63,8.84
2020,314,26.22,10.58
2020,315,26.40,10.95
2020,316,22.56,13.61
2020,317,18.23,11.18
2020,318,18.72,6.28
2020,319,19.72,3.75
2020,320,18.12,5.80
2020,321,15.16,1.35
2020,322,13.13,1.00
2020,323,12.51,-0.96
2020,324,16.32,-0.67
2020,325,18.96,2.68
2020,326,19.32,2.86
2020,327,18.99,5.29
2020,328,11.47,2.26
2020,329,14.63,0.78
2020,330,16.11,4.24
2020,331,19.16,5.94
2020,332,17.37,3.59
2020,333,15.56,4.23
2020,334,11.63,3.01
2020,335,8.27,0.88
2020,336,2.61,-2.89
2020,337,6.77,-6.09
2020,338,11.56,-4.61
2020,339,8.20,0.68
2020,340,11.03,-0.38
2020,341,11.57,-1.36
2020,342,6.97,-0.16
2020,343,5.51,-2.20
2020,344,12.15,-3.64
2020,345,16.43,-1.14
2020,346,16.67,0.34
2020,347,15.01,4.42
2020,348,14.63,5.88
2020,349,7.66,2.69
2020,350,9.00,-1.26
2020,351,6.30,0.64
2020,352,3.17,-0.80
2020,353,5.97,-3.67
2020,354,7.51,-4.04
2020,355,7.81,0.41
2020,356,11.80,0.30
2020,357,11.55,0.44
2020,358,14.97,-1.70
2020,359,11.42,-3.42
2020,360,-3.71,-8.58
2020,361,2.95,-10.91
2020,362,9.51,-7.90
2020,363,11.43,-2.19
2020,364,10.49,-1.92
2020,365,15.60,0.33
2021,1,16.68,7.92
2021,2,16.16,6.03
2021,3,8.72,1.62
2021,4,10.80,-2.43
2021,5,9.67,-1.29
2021,6,7.42,-2.57
2021,7,4.31,-2.10
2021,8,3.22,0.20
2021,9,1.05,-1.10
2021,10,5.66,-1.71
2021,11,3.01,-1.17
2021,12,6.31,-1.18
2021,13,3.63,-4.73
2021,14,9.80,-4.50
2021,15,9.60,-0.40
2021,16,4.37,-0.32
2021,17,7.49,0.96
2021,18,8.33,-0.27
2021,19,11.66,-0.28
2021,20,9.69,-0.97
2021,21,7.20,0.69
2021,22,10.44,-0.01
2021,23,8.50,-2.16
2021,24,9.64,-1.16
2021,25,12.06,2.47
2021,26,18.85,5.58
2021,27,14.77,2.84
2021,28,4.59,-2.60
2021,29,6.70,-5.87
2021,30,3.44,-4.90
2021,31,8.60,-1.16
2021,32,3.12,-0.91
2021,33,4.33,-1.73
2021,34,6.25,-3.32
2021,35,6.24,-5.12
2021,36,9.12,-2.33
2021,37,8.07,-3.47
2021,38,4.63,-3.01
2021,39,11.44,-5.23
2021,40,14.03,-0.87
2021,41,19.20,3.50
2021,42,10.93,3.38
2021,43,5.06,1.63
2021,44,4.97,1.16
2021,45,3.24,0.20
2021,46,6.62,-0.01
2021,47,0.99,-6.23
2021,48,4.70,-7.66
2021,49,5.26,-2.37
2021,50,6.24,-3.41
2021,51,6.89,-6.57
2021,52,14.21,-5.06
2021,53,14.24,0.59
2021,54,19.49,-0.89
2021,55,21.58,0.92
2021,56,18.87,4.86
2021,57,11.59,5.23
2021,58,15.54,7.08
2021,59,22.12,11.34
2021,60,16.39,6.94
2021,61,11.29,1.60
2021,62,16.64,-0.12
2021,63,18.89,0.96
2021,64,11.42,0.50
2021,65,12.65,-0.11
2021,66,14.68,-1.93
2021,67,18.50,-2.89
2021,68,20.20,-0.36
2021,69,22.05,1.87
2021,70,21.09,6.47
2021,71,22.65,9.90
2021,72,16.29,10.21
2021,73,18.95,9.48
2021,74,21.76,8.92
2021,75,15.05,8.95
2021,76,17.06,11.09
2021,77,21.68,8.95
2021,78,12.11,6.53
2021,79,17.35,1.34
2021,80,19.56,1.43
2021,81,21.61,3.27
2021,82,21.80,6.65
2021,83,24.60,10.76
2021,84,19.20,11.49
2021,85,24.05,11.01
2021,86,16.25,8.82
2021,87,18.01,7.52
2021,88,18.01,0.91
2021,89,23.49,2.96
2021,90,18.32,3.21
2021,91,9.01,0.22
2021,92,11.02,-2.23
2021,93,18.23,-2.37
2021,94,22.89,0.62
2021,95,25.17,3.61
2021,96,26.02,6.84
2021,97,27.18,8.65
2021,98,24.32,11.96
2021,99,27.85,10.57
2021,100,22.19,12.98
2021,101,23.51,10.63
2021,102,26.16,8.09
2021,103,23.40,8.23
2021,104,23.88,8.80
2021,105,18.38,7.18
2021,106,18.39,3.42
2021,107,18.45,6.46
2021,108,19.66,4.26
2021,109,19.83,6.73
2021,110,22.79,5.28
2021,111,13.10,2.17
2021,112,15.81,-1.10
2021,113,12.69,1.46
2021,114,14.75,5.81
2021,115,20.02,7.47
2021,116,25.86,5.07
2021,117,27.83,11.29
2021,118,26.06,15.23
2021,119,24.19,14.80
2021,120,24.35,11.77
2021,121,25.03,7.20
2021,122,23.43,8.64
2021,123,25.99,15.18
2021,124,20.44,16.54
2021,125,20.42,12.23
2021,126,21.17,6.20
2021,127,19.76,8.14
2021,128,20.23,7.64
2021,129,25.36,10.39
2021,130,17.94,9.76
2021,131,22.19,7.15
2021,132,18.05,7.89
2021,133,21.40,4.97
2021,134,22.83,5.69
2021,135,24.33,6.59
2021,136,23.72,12.00
2021,137,25.67,12.15
2021,138,24.40,13.58
2021,139,27.94,15.15
2021,140,29.07,15.29
2021,141,29.88,13.46
2021,142,29.97,14.79
2021,143,31.05,15.86
2021,144,31.03,15.49
2021,145,32.39,16.84
2021,146,31.42,18.42
2021,147,30.69,17.94
2021,148,27.43,18.66
2021,149,19.87,12.70
2021,150,19.26,10.35
2021,151,26.31,8.12
2021,152,26.80,12.62
2021,153,23.42,16.45
2021,154,23.70,17.23
2021,155,28.40,16.80
2021,156,30.89,15.80
2021,157,27.45,19.03
2021,158,27.93,20.63
2021,159,29.77,20.01
2021,160,26.58,19.79
2021,161,26.71,20.64
2021,162,27.00,20.87
2021,163,31.46,19.46
2021,164,32.01,17.89
2021,165,33.21,20.09
2021,166,28.38,17.93
2021,167,29.00,14.69
2021,168,29.20,14.04
2021,169,31.17,15.51
2021,170,29.33,17.52
2021,171,31.63,18.76
2021,172,32.64,19.82
2021,173,25.90,16.58
2021,174,28.09,12.94
2021,175,30.16,15.61
2021,176,29.65,17.98
2021,177,30.33,17.51
2021,178,31.43,19.65
2021,179,33.21,20.24
2021,180,32.05,20.37
2021,181,32.23,20.36
2021,182,29.79,20.78
2021,183,28.93,19.57
2021,184,27.26,14.35
2021,185,29.35,14.40
2021,186,32.18,17.35
2021,187,32.43,19.09
2021,188,26.31,19.98
2021,189,30.87,19.87
2021,190,29.53,21.17
2021,191,30.48,21.22
2021,192,29.41,20.73
2021,193,29.00,20.31
2021,194,28.85,20.49
2021,195,29.64,20.29
2021,196,32.03,19.93
2021,197,31.86,20.27
2021,198,28.73,20.96
2021,199,29.09,20.33
2021,200,28.51,20.33
2021,201,29.82,20.29
2021,202,31.08,18.04
2021,203,31.26,18.63
2021,204,31.71,19.11
2021,205,32.80,19.17
2021,206,32.88,20.79
2021,207,31.44,22.09
2021,208,34.00,21.56
2021,209,34.07,20.79
2021,210,33.78,19.41
2021,211,33.13,20.68
2021,212,31.42,20.55
2021,213,29.59,20.08
2021,214,29.64,16.87
2021,215,29.08,17.71
2021,216,26.93,17.72
2021,217,30.77,17.00
2021,218,30.27,18.08
2021,219,29.22,19.49
2021,220,30.87,17.88
2021,221,32.24,19.31
2021,222,32.56,19.39
2021,223,33.44,20.78
2021,224,32.48,19.89
2021,225,33.55,20.87
2021,226,33.95,21.02
2021,227,31.13,20.51
2021,228,29.81,20.75
2021,229,23.53,20.61
2021,230,30.68,19.91
2021,231,27.72,20.77
2021,232,31.16,21.67
2021,233,29.15,20.10
2021,234,32.34,21.69
2021,235,32.76,19.62
2021,236,33.33,20.30
2021,237,33.37,21.14
2021,238,32.95,20.53
2021,239,32.39,20.58
2021,240,32.52,21.03
2021,241,31.74,22.16
2021,242,30.40,20.21
2021,243,23.87,19.99
2021,244,26.93,19.67
2021,245,26.81,17.00
2021,246,27.95,14.88
2021,247,28.23,16.03
2021,248,26.08,16.52
2021,249,28.20,16.94
2021,250,29.40,16.02
2021,251,30.46,18.32
2021,252,27.57,15.98
2021,253,26.40,12.56
2021,254,27.26,12.94
2021,255,28.58,15.05
2021,256,29.81,16.26
2021,257,30.35,17.57
2021,258,27.49,18.60
2021,259,28.90,18.61
2021,260,28.43,18.75
2021,261,24.44,19.84
2021,262,26.18,19.99
2021,263,23.30,19.41
2021,264,25.96,18.52
2021,265,21.25,15.45
2021,266,21.03,9.66
2021,267,22.64,7.57
2021,268,23.31,8.71
2021,269,24.09,10.66
2021,270,26.63,10.75
2021,271,27.05,12.75
2021,272,28.00,14.09
2021,273,28.39,15.51
2021,274,27.37,15.59
2021,275,26.24,16.52
2021,276,20.96,17.97
2021,277,26.29,18.12
2021,278,21.59,17.46
2021,279,25.86,18.37
2021,280,26.66,17.13
2021,281,25.45,17.23
2021,282,25.42,15.29
2021,283,26.21,15.47
2021,284,26.00,15.31
2021,285,21.74,15.99
2021,286,25.61,16.00
2021,287,27.09,16.62
2021,288,27.32,17.04
2021,289,20.30,11.11
2021,290,19.19,5.15
2021,291,20.85,5.08
2021,292,21.29,5.95
2021,293,22.81,6.94
2021,294,22.43,11.10
2021,295,16.42,9.43
2021,296,19.41,6.87
2021,297,23.15,8.05
2021,298,21.83,9.92
2021,299,15.51,6.54
2021,300,16.72,3.36
2021,301,18.14,6.40
2021,302,12.67,9.23
2021,303,12.73,9.60
2021,304,15.04,8.88
2021,305,17.96,6.47
2021,306,13.07,5.64
2021,307,10.14,4.31
2021,308,9.55,3.68
2021,309,12.98,0.50
2021,310,14.88,0.07
2021,311,16.90,-0.22
2021,312,20.66,1.14
2021,313,21.85,2.57
2021,314,22.01,4.72
2021,315,21.05,6.42
2021,316,16.63,5.34
2021,317,10.05,1.06
2021,318,11.97,-1.32
2021,319,11.42,-0.52
2021,320,15.12,2.13
2021,321,21.51,7.61
2021,322,16.89,3.64
2021,323,10.10,-2.15
2021,324,12.60,-2.02
2021,325,13.59,0.03
2021,326,10.76,-0.02
2021,327,7.56,-4.21
2021,328,13.13,-3.90
2021,329,14.61,0.13
2021,330,8.23,-1.24
2021,331,12.04,-3.90
2021,332,14.12,-1.11
2021,333,7.32,-2.19
2021,334,15.13,-1.46
2021,335,15.32,0.26
2021,336,20.60,4.91
2021,337,22.40,4.89
2021,338,19.44,6.45
2021,339,15.03,8.05
2021,340,16.04,3.98
2021,341,6.89,-1.70
2021,342,10.94,-0.29
2021,343,11.83,-1.74
2021,344,14.94,4.60
2021,345,19.97,3.81
2021,346,10.50,-1.29
2021,347,13.56,-2.56
2021,348,16.09,-1.71
2021,349,17.10,0.04
2021,350,20.39,6.13
2021,351,17.94,10.76
2021,352,18.82,9.43
2021,353,9.88,3.07
2021,354,7.80,-1.09
2021,355,9.16,-0.08
2021,356,8.73,-1.05
2021,357,12.84,-3.81
2021,358,15.94,1.58
2021,359,20.03,8.98
2021,360,21.58,9.27
2021,361,18.79,10.71
2021,362,21.75,13.82
2021,363,18.06,12.72
2021,364,18.83,11.57
2021,365,17.54,9.22
2022,1,23.43,13.15
2022,2,15.98,8.71
2022,3,2.88,-1.37
2022,4,6.76,-4.30
2022,5,10.76,-0.11
2022,6,4.22,-3.67
2022,7,-0.54,-7.47
2022,8,7.99,-7.14
2022,9,9.61,-1.66
2022,10,5.88,-3.22
2022,11,5.98,-4.50
2022,12,10.97,-4.45
2022,13,11.11,-1.36
2022,14,10.51,-1.39
2022,15,6.34,0.01
2022,16,4.04,-0.24
2022,17,0.88,-2.99
2022,18,6.62,-2.56
2022,19,7.27,-0.52
2022,20,4.03,-2.55
2022,21,-0.45,-4.31
2022,22,3.14,-6.37
2022,23,7.91,-6.47
2022,24,11.98,-4.41
2022,25,10.91,-2.80
2022,26,4.23,-4.99
2022,27,9.09,-6.32
2022,28,4.67,-3.62
2022,29,0.26,-8.06
2022,30,10.00,-6.26
2022,31,11.27,-4.20
2022,32,15.26,-3.21
2022,33,13.87,-1.01
2022,34,14.63,5.42
2022,35,8.21,0.07
2022,36,3.11,-4.96
2022,37,9.38,-5.93
2022,38,11.00,-4.59
2022,39,11.20,-4.30
2022,40,15.64,-3.11
2022,41,16.26,-0.22
2022,42,19.87,0.71
2022,43,13.07,0.91
2022,44,6.82,-2.89
2022,45,9.70,-4.57
2022,46,16.28,-3.92
2022,47,18.14,-0.13
2022,48,19.50,5.92
2022,49,9.17,-1.55
2022,50,10.00,-5.44
2022,51,14.87,-5.14
2022,52,17.31,-0.18
2022,53,18.42,5.98
2022,54,17.75,7.90
2022,55,15.97,5.75
2022,56,14.69,3.49
2022,57,5.65,0.89
2022,58,9.57,0.84
2022,59,14.62,-1.91
2022,60,18.07,-0.18
2022,61,23.16,2.79
2022,62,24.73,5.03
2022,63,24.73,5.16
2022,64,24.10,9.12
2022,65,24.72,11.74
2022,66,21.36,8.66
2022,67,13.59,4.29
2022,68,12.29,5.27
2022,69,16.83,5.08
2022,70,19.09,1.64
2022,71,5.07,-5.62
2022,72,10.21,-8.53
2022,73,18.51,-3.62
2022,74,17.90,2.27
2022,75,20.65,5.38
2022,76,22.42,8.41
2022,77,17.75,8.40
2022,78,15.31,7.86
2022,79,18.56,2.60
2022,80,21.72,1.85
2022,81,24.66,6.81
2022,82,24.58,9.86
2022,83,17.63,5.12
2022,84,10.25,3.52
2022,85,14.29,3.82
2022,86,12.90,-0.12
2022,87,14.01,-0.03
2022,88,20.24,2.46
2022,89,27.32,6.49
2022,90,21.62,7.28
2022,91,14.71,4.49
2022,92,17.48,0.93
2022,93,17.80,3.14
2022,94,22.55,2.84
2022,95,17.05,6.50
2022,96,25.73,8.46
2022,97,18.55,7.62
2022,98,12.10,3.04
2022,99,9.97,1.86
2022,100,20.70,-0.90
2022,101,19.17,5.83
2022,102,21.98,10.44
2022,103,27.64,13.21
2022,104,21.36,10.20
2022,105,23.44,3.52
2022,106,21.60,8.03
2022,107,20.16,8.22
2022,108,13.66,6.38
2022,109,15.51,1.89
2022,110,22.93,2.06
2022,111,24.69,9.25
2022,112,28.71,11.16
2022,113,28.80,13.14
2022,114,27.76,14.34
2022,115,28.22,14.15
2022,116,19.66,10.33
2022,117,21.46,4.58
2022,118,24.27,6.29
2022,119,24.76,9.52
2022,120,26.42,12.43
2022,121,26.35,15.10
2022,122,28.03,12.15
2022,123,28.54,14.60
2022,124,27.60,15.72
2022,125,27.98,11.44
2022,126,23.29,13.64
2022,127,18.72,12.57
2022,128,19.30,11.20
2022,129,25.39,10.62
2022,130,27.68,11.84
2022,131,29.24,13.56
2022,132,29.05,13.82
2022,133,27.60,15.26
2022,134,27.76,15.44
2022,135,27.67,16.16
2022,136,26.64,15.00
2022,137,28.09,11.04
2022,138,28.71,12.25
2022,139,31.75,17.29
2022,140,31.51,19.82
2022,141,30.94,20.40
2022,142,29.38,18.93
2022,143,21.38,16.76
2022,144,24.12,15.21
2022,145,28.35,17.13
2022,146,24.09,18.03
2022,147,24.02,16.15
2022,148,24.16,13.66
2022,149,29.24,13.69
2022,150,30.72,16.09
2022,151,31.56,18.10
2022,152,31.95,18.43
2022,153,30.40,19.34
2022,154,27.51,18.58
2022,155,27.63,15.15
2022,156,28.63,15.28
2022,157,29.55,16.84
2022,158,27.63,18.57
2022,159,27.96,19.52
2022,160,27.88,17.59
2022,161,27.31,12.95
2022,162,28.78,14.76
2022,163,31.25,16.56
2022,164,34.32,20.84
2022,165,34.58,22.91
2022,166,35.24,23.17
2022,167,35.57,23.63
2022,168,33.15,21.76
2022,169,30.33,18.61
2022,170,29.22,13.25
2022,171,31.89,12.74
2022,172,33.90,15.14
2022,173,35.89,17.71
2022,174,34.26,20.12
2022,175,33.84,18.57
2022,176,31.72,21.63
2022,177,31.18,21.03
2022,178,30.14,19.48
2022,179,30.32,16.51
2022,180,32.27,18.99
2022,181,32.80,20.79
2022,182,33.67,20.69
2022,183,32.01,21.10
2022,184,32.22,21.43
2022,185,33.76,21.10
2022,186,35.30,22.30
2022,187,34.68,21.93
2022,188,31.05,21.94
2022,189,33.61,21.49
2022,190,29.68,21.42
2022,191,28.23,21.75
2022,192,31.14,20.55
2022,193,31.79,20.20
2022,194,30.37,19.74
2022,195,31.67,17.57
2022,196,32.02,19.26
2022,197,32.86,19.62
2022,198,32.44,21.06
2022,199,31.11,21.43
2022,200,30.69,21.11
2022,201,32.45,22.15
2022,202,29.57,20.27
2022,203,34.09,21.21
2022,204,34.29,21.63
2022,205,32.11,21.14
2022,206,29.98,22.54
2022,207,31.08,22.35
2022,208,32.22,23.20
2022,209,31.74,22.53
2022,210,28.18,21.61
2022,211,30.01,20.96
2022,212,29.52,21.88
2022,213,26.15,21.52
2022,214,31.88,21.63
2022,215,33.52,20.20
2022,216,31.55,19.61
2022,217,31.25,20.73
2022,218,31.50,20.50
2022,219,31.54,20.06
2022,220,31.87,20.85
2022,221,32.00,21.48
2022,222,28.18,20.82
2022,223,28.77,20.69
2022,224,29.05,18.39
2022,225,29.83,16.62
2022,226,30.06,18.20
2022,227,30.86,20.61
2022,228,26.85,18.92
2022,229,29.21,16.88
2022,230,30.40,16.85
2022,231,30.17,17.33
2022,232,29.42,18.99
2022,233,28.31,20.78
2022,234,30.23,19.78
2022,235,30.77,17.37
2022,236,30.53,17.10
2022,237,31.62,18.53
2022,238,30.21,19.66
2022,239,32.47,19.55
2022,240,32.78,19.99
2022,241,32.71,20.08
2022,242,30.78,20.74
2022,243,30.98,17.18
2022,244,31.46,15.45
2022,245,31.62,17.42
2022,246,27.77,20.26
2022,247,26.83,20.05
2022,248,24.94,20.68
2022,249,29.78,20.66
2022,250,28.67,19.11
2022,251,28.49,16.37
2022,252,28.88,16.95
2022,253,22.60,18.19
2022,254,27.89,18.93
2022,255,24.54,15.52
2022,256,26.43,11.39
2022,257,25.84,12.66
2022,258,27.24,13.49
2022,259,28.17,14.15
2022,260,28.36,15.44
2022,261,28.49,14.83
2022,262,28.99,14.53
2022,263,31.79,16.92
2022,264,32.29,16.69
2022,265,28.33,15.70
2022,266,23.62,9.72
2022,267,24.71,11.04
2022,268,26.25,14.57
2022,269,24.39,11.14
2022,270,22.27,6.93
2022,271,19.72,5.41
2022,272,22.29,7.01
2022,273,23.74,8.06
2022,274,16.68,10.19
2022,275,17.63,10.95
2022,276,21.35,11.64
2022,277,22.76,7.95
2022,278,23.81,5.29
2022,279,25.11,6.01
2022,280,25.75,7.81
2022,281,19.12,5.81
2022,282,19.99,2.63
2022,283,21.34,2.76
2022,284,24.11,4.33
2022,285,24.25,9.40
2022,286,21.90,9.06
2022,287,21.69,4.41
2022,288,26.62,7.10
2022,289,22.36,10.10
2022,290,19.11,7.18
2022,291,8.88,-0.24
2022,292,14.07,0.01
2022,293,15.43,-1.22
2022,294,19.78,-0.09
2022,295,22.45,2.62
2022,296,23.36,4.49
2022,297,24.61,4.94
2022,298,24.71,7.30
2022,299,14.47,8.15
2022,300,19.22,6.98
2022,301,22.35,5.71
2022,302,22.16,5.64
2022,303,19.14,8.24
2022,304,19.32,12.68
2022,305,21.69,11.58
2022,306,21.67,10.67
2022,307,23.56,9.21
2022,308,24.25,8.54
2022,309,25.03,11.16
2022,310,25.74,14.60
2022,311,25.08,15.05
2022,312,25.86,12.10
2022,313,22.70,7.92
2022,314,22.49,6.29
2022,315,18.18,8.95
2022,316,13.37,5.52
2022,317,2.62,-0.44
2022,318,9.80,-2.87
2022,319,8.32,0.08
2022,320,8.13,0.55
2022,321,6.89,-3.15
2022,322,9.02,-4.33
2022,323,8.74,-3.54
2022,324,5.33,-4.44
2022,325,11.90,-6.13
2022,326,13.90,-4.29
2022,327,17.73,-2.11
2022,328,20.13,0.88
2022,329,16.76,4.34
2022,330,15.14,2.70
2022,331,18.00,6.09
2022,332,14.59,6.30
2022,333,18.17,1.67
2022,334,14.72,0.53
2022,335,8.66,-3.57
2022,336,13.26,-2.09
2022,337,14.23,2.16
2022,338,7.30,-0.27
2022,339,7.76,-1.29
2022,340,13.23,3.88
2022,341,17.45,8.99
2022,342,15.84,10.70
2022,343,14.98,10.65
2022,344,15.15,7.98
2022,345,12.37,7.26
2022,346,11.55,4.29
2022,347,13.85,0.74
2022,348,11.80,4.89
2022,349,12.48,5.27
2022,350,8.43,-0.26
2022,351,7.75,-0.21
2022,352,5.06,-2.46
2022,353,6.74,-5.02
2022,354,9.41,-2.18
2022,355,10.73,-2.42
2022,356,9.12,-0.15
2022,357,-3.96,-15.21
2022,358,-5.55,-16.35
2022,359,-1.69,-13.67
2022,360,-2.34,-11.40
2022,361,5.58,-5.91
2022,362,11.90,-6.32
2022,363,17.02,-1.73
2022,364,18.66,1.57
2022,365,16.11,4.99
2023,1,18.09,6.67
2023,2,17.83,7.20
2023,3,21.68,9.75
2023,4,19.32,9.71
2023,5,13.76,3.29
2023,6,10.75,0.29
2023,7,8.25,0.59
2023,8,9.55,4.09
2023,9,8.72,1.08
2023,10,11.29,-2.31
2023,11,12.46,0.89
2023,12,17.53,5.29
2023,13,8.38,0.86
2023,14,2.91,-2.13
2023,15,8.11,-5.19
2023,16,9.06,-3.71
2023,17,13.56,1.83
2023,18,15.22,6.69
2023,19,19.67,7.86
2023,20,10.38,1.73
2023,21,9.85,-2.31
2023,22,7.73,0.13
2023,23,6.89,-0.46
2023,24,10.20,-4.35
2023,25,14.96,-0.32
2023,26,5.04,1.27
2023,27,8.48,-3.14
2023,28,13.22,-1.51
2023,29,8.33,1.03
2023,30,11.68,5.36
2023,31,9.34,4.73
2023,32,4.97,1.61
2023,33,5.24,1.51
2023,34,4.76,-2.30
2023,35,9.15,-6.07
2023,36,14.11,-1.76
2023,37,16.15,-0.49
2023,38,18.82,1.08
2023,39,14.22,5.30
2023,40,19.75,7.05
2023,41,13.56,2.99
2023,42,9.86,2.44
2023,43,7.24,1.71
2023,44,16.06,-1.66
2023,45,18.90,0.19
2023,46,17.09,5.94
2023,47,20.75,10.59
2023,48,11.51,1.17
2023,49,11.26,-3.51
2023,50,14.82,0.95
2023,51,14.35,7.44
2023,52,20.93,9.15
2023,53,25.18,11.58
2023,54,25.86,16.08
2023,55,18.00,10.93
2023,56,12.52,8.80
2023,57,14.16,8.61
2023,58,19.89,10.21
2023,59,23.37,8.99
2023,60,24.55,7.56
2023,61,16.78,10.37
2023,62,22.10,12.36
2023,63,16.62,5.07
2023,64,20.55,2.05
2023,65,24.29,4.88
2023,66,21.19,5.37
2023,67,14.76,4.44
2023,68,14.38,3.48
2023,69,13.77,4.35
2023,70,13.31,1.29
2023,71,10.68,3.53
2023,72,8.30,0.92
2023,73,6.86,-1.03
2023,74,12.70,-3.90
2023,75,19.26,-3.16
2023,76,15.93,-0.25
2023,77,11.14,-1.48
2023,78,4.33,-4.58
2023,79,11.22,-6.45
2023,80,16.22,-4.15
2023,81,12.38,2.05
2023,82,23.97,7.71
2023,83,25.16,12.95
2023,84,24.49,13.00
2023,85,25.81,8.77
2023,86,24.09,10.75
2023,87,19.51,7.56
2023,88,17.36,1.90
2023,89,21.08,1.26
2023,90,20.61,6.05
2023,91,25.35,7.65
2023,92,20.21,2.22
2023,93,18.05,6.52
2023,94,27.46,10.79
2023,95,30.30,16.28
2023,96,25.93,12.87
2023,97,12.94,9.31
2023,98,9.51,7.38
2023,99,20.84,4.43
2023,100,21.54,3.33
2023,101,23.63,4.51
2023,102,25.76,5.66
2023,103,26.55,6.44
2023,104,21.83,10.17
2023,105,23.86,11.23
2023,106,22.14,10.45
2023,107,20.23,5.35
2023,108,26.14,5.27
2023,109,27.78,7.84
2023,110,28.57,9.58
2023,111,25.69,11.31
2023,112,19.70,8.51
2023,113,13.14,4.43
2023,114,17.40,1.24
2023,115,19.06,2.92
2023,116,16.12,5.06
2023,117,15.69,8.54
2023,118,23.57,11.42
2023,119,22.20,9.47
2023,120,19.46,8.64
2023,121,16.89,5.27
2023,122,18.12,6.16
2023,123,19.46,5.90
2023,124,21.31,3.68
2023,125,24.08,7.34
2023,126,24.37,11.68
2023,127,26.92,12.73
2023,128,25.19,14.63
2023,129,28.49,15.85
2023,130,27.81,13.44
2023,131,24.26,14.05
2023,132,25.08,15.63
2023,133,28.07,15.78
2023,134,27.87,17.13
2023,135,27.10,16.92
2023,136,28.93,18.04
2023,137,26.43,16.60
2023,138,25.54,15.14
2023,139,26.84,14.34
2023,140,21.48,15.35
2023,141,24.85,12.84
2023,142,26.71,13.97
2023,143,26.37,14.45
2023,144,26.15,12.18
2023,145,27.38,11.60
2023,146,26.49,13.47
2023,147,23.56,12.92
2023,148,16.88,11.84
2023,149,21.61,12.56
2023,150,28.10,12.72
2023,151,28.84,15.12
2023,152,28.46,16.58
2023,153,31.09,15.98
2023,154,32.04,14.66
2023,155,30.72,16.75
2023,156,29.07,16.09
2023,157,29.74,16.07
2023,158,23.13,14.27
2023,159,25.96,13.61
2023,160,26.97,10.54
2023,161,28.38,11.22
2023,162,26.79,14.93
2023,163,24.08,14.76
2023,164,25.35,11.44
2023,165,26.41,13.94
2023,166,29.25,16.46
2023,167,30.57,16.91
2023,168,28.67,14.58
2023,169,29.75,14.14
2023,170,25.48,17.66
2023,171,25.28,18.77
2023,172,24.92,18.40
2023,173,20.88,16.25
2023,174,25.20,16.80
2023,175,28.38,17.83
2023,176,26.91,17.71
2023,177,29.69,17.58
2023,178,28.57,17.20
2023,179,29.76,16.66
2023,180,27.83,17.91
2023,181,29.19,18.47
2023,182,32.61,19.78
2023,183,30.78,19.06
2023,184,31.03,20.51
2023,185,29.92,20.70
2023,186,29.03,20.32
2023,187,30.13,20.24
2023,188,31.85,20.49
2023,189,30.98,19.19
2023,190,27.64,19.75
2023,191,29.16,18.35
2023,192,29.69,15.39
2023,193,31.05,16.27
2023,194,32.04,19.92
2023,195,32.22,22.38
2023,196,29.93,22.72
2023,197,30.26,20.69
2023,198,30.99,18.38
2023,199,31.34,19.99
2023,200,25.81,19.33
2023,201,22.20,19.91
2023,202,30.36,19.76
2023,203,29.07,19.76
2023,204,30.19,17.67
2023,205,30.71,17.02
2023,206,31.37,18.82
2023,207,32.49,19.36
2023,208,33.28,21.46
2023,209,34.32,21.86
2023,210,33.25,21.29
2023,211,30.71,20.65
2023,212,31.18,19.10
2023,213,30.16,18.51
2023,214,29.32,17.92
2023,215,25.40,20.64
2023,216,29.99,20.44
2023,217,31.38,19.02
2023,218,28.59,21.09
2023,219,29.11,20.95
2023,220,26.86,18.97
2023,221,28.42,17.59
2023,222,27.77,19.00
2023,223,29.35,18.56
2023,224,30.65,19.71
2023,225,30.90,19.42
2023,226,31.68,20.98
2023,227,28.71,19.83
2023,228,27.65,16.45
2023,229,28.83,16.77
2023,230,29.33,17.58
2023,231,29.57,15.58
2023,232,31.22,16.49
2023,233,32.04,18.82
2023,234,32.25,20.76
2023,235,33.27,21.33
2023,236,32.97,21.59
2023,237,34.65,22.34
2023,238,33.15,21.07
2023,239,32.10,21.24
2023,240,27.77,21.40
2023,241,28.00,21.24
2023,242,27.56,19.29
2023,243,28.19,15.59
2023,244,30.24,16.10
2023,245,30.12,17.21
2023,246,30.76,17.39
2023,247,31.98,17.94
2023,248,30.03,18.92
2023,249,29.98,18.99
2023,250,30.15,19.64
2023,251,29.31,18.19
2023,252,30.00,18.14
2023,253,28.47,16.77
2023,254,30.66,17.09
2023,255,29.73,18.14
2023,256,28.04,17.41
2023,257,27.30,15.24
2023,258,27.83,15.24
2023,259,24.78,16.80
2023,260,26.01,15.09
2023,261,25.35,12.21
2023,262,26.44,11.47
2023,263,27.08,12.42
2023,264,27.04,13.12
2023,265,28.46,13.30
2023,266,27.23,13.09
2023,267,27.86,11.41
2023,268,28.39,14.00
2023,269,29.75,14.29
2023,270,28.74,15.20
2023,271,25.11,15.31
2023,272,28.15,14.40
2023,273,29.18,14.63
2023,274,28.84,14.79
2023,275,28.90,14.32
2023,276,29.16,13.66
2023,277,28.74,13.80
2023,278,26.47,15.56
2023,279,20.26,15.80
2023,280,18.04,7.92
2023,281,17.86,3.97
2023,282,18.77,4.80
2023,283,24.42,8.73
2023,284,19.42,7.93
2023,285,26.07,10.81
2023,286,24.55,10.35
2023,287,22.76,11.36
2023,288,15.95,9.56
2023,289,13.25,6.61
2023,290,15.44,5.52
2023,291,20.02,4.08
2023,292,21.41,7.05
2023,293,20.78,9.20
2023,294,22.39,5.41
2023,295,20.24,5.97
2023,296,22.21,4.67
2023,297,24.19,6.28
2023,298,24.46,7.10
2023,299,25.33,10.87
2023,300,25.40,12.84
2023,301,27.44,13.41
2023,302,25.52,14.65
2023,303,19.62,9.53
2023,304,12.82,4.44
2023,305,9.55,-2.35
