year,yday,prcp (mm/day),tmax (deg c),tmin (deg c)
2008,127,0.00,25.22,11.30
2008,128,0.00,27.92,11.55
2008,129,1.65,23.82,18.11
2008,130,3.18,27.48,15.10
2008,131,0.11,22.44,8.99
2008,132,25.68,19.83,5.33
2008,133,1.98,15.74,7.27
2008,134,0.00,21.51,7.12
2008,135,0.00,25.07,5.94
2008,136,3.94,26.53,14.25
2008,137,7.00,26.94,15.79
2008,138,0.00,24.27,10.32
2008,139,10.84,26.35,12.68
2008,140,0.00,22.71,12.27
2008,141,18.04,28.22,12.37
2008,142,0.00,22.73,8.79
2008,143,0.00,24.52,8.65
2008,144,1.91,24.02,9.09
2008,145,0.00,23.20,10.63
2008,146,0.00,25.39,9.00
2008,147,0.00,28.09,11.06
2008,148,16.60,30.32,16.57
2008,149,14.90,20.37,10.74
2008,150,0.00,23.96,5.24
2008,151,0.00,28.14,8.73
2008,152,0.00,30.81,18.13
2008,153,0.00,32.04,19.15
2008,154,0.00,26.97,14.88
2008,155,0.00,28.20,12.43
2008,156,0.00,33.95,19.89
2008,157,0.00,34.11,21.27
2008,158,0.00,34.63,20.12
2008,159,0.00,37.40,21.50
2008,160,0.00,37.17,22.21
2008,161,0.00,36.76,22.64
2008,162,0.00,37.02,22.72
2008,163,0.00,31.74,20.94
2008,164,0.00,32.17,17.77
2008,165,0.00,32.26,14.94
2008,166,1.03,32.83,15.92
2008,167,0.00,30.94,19.75
2008,168,18.71,33.84,17.85
2008,169,0.00,30.42,16.56
2008,170,0.00,28.38,13.04
2008,171,0.00,28.83,13.57
2008,172,0.00,30.42,15.93
2008,173,0.00,29.41,17.06
2008,174,4.82,31.19,16.71
2008,175,1.29,30.83,19.99
2008,176,0.00,31.20,16.98
2008,177,0.00,33.51,15.15
2008,178,0.00,35.67,20.14
2008,179,4.06,35.39,21.50
2008,180,0.00,35.62,21.50
2008,181,8.04,34.12,21.59
2008,182,0.00,32.07,19.41
2008,183,0.00,29.58,17.18
2008,184,0.00,30.93,16.11
2008,185,0.00,33.13,17.52
2008,186,17.17,34.34,19.95
2008,187,36.89,31.43,18.90
2008,188,14.19,30.06,19.22
2008,189,0.00,31.03,19.02
2008,190,9.33,32.06,19.92
2008,191,10.01,27.68,19.59
2008,192,0.00,29.96,20.57
2008,193,0.00,30.27,19.14
2008,194,0.00,30.66,17.01
2008,195,0.00,31.64,16.03
2008,196,13.85,29.44,20.15
2008,197,0.00,29.50,19.79
2008,198,0.00,30.35,18.02
2008,199,0.00,32.68,16.60
2008,200,0.00,32.57,17.66
2008,201,0.00,32.37,19.70
2008,202,0.00,32.45,22.08
2008,203,0.00,34.73,21.42
2008,204,0.00,36.14,22.91
2008,205,43.99,32.44,20.31
2008,206,0.00,29.49,20.72
2008,207,0.00,28.95,18.14
2008,208,0.00,30.69,16.40
2008,209,6.43,31.98,19.82
2008,210,0.00,31.69,19.92
2008,211,10.96,33.43,21.48
2008,212,0.00,34.28,23.60
2008,213,8.70,34.76,23.11
2008,214,0.00,33.33,22.46
2008,215,0.00,33.98,22.48
2008,216,0.00,32.10,21.06
2008,217,0.00,33.03,19.05
2008,218,0.00,33.71,21.77
2008,219,0.00,34.22,23.36
2008,220,0.00,31.57,22.73
2008,221,0.00,30.91,19.20
2008,222,0.00,30.08,16.28
2008,223,10.21,27.82,18.96
2008,224,0.00,28.95,16.34
2008,225,0.00,29.30,13.51
2008,226,0.00,25.96,16.52
2008,227,0.00,30.29,15.22
2008,228,24.34,30.75,17.68
2008,229,0.00,30.12,17.60
2008,230,0.00,29.79,16.90
2008,231,0.00,30.87,17.57
2008,232,0.00,32.94,18.44
2008,233,0.00,29.09,19.46
2008,234,0.00,28.36,17.77
2008,235,0.00,28.99,15.62
2008,236,0.00,29.77,18.53
2008,237,0.00,29.25,19.53
2008,238,0.00,32.90,20.46
2008,239,0.00,26.79,21.31
2008,240,5.92,25.97,20.06
2008,241,9.84,27.99,22.40
2008,242,0.00,31.97,23.05
2008,243,15.39,31.42,21.77
2008,244,0.00,28.78,18.78
2008,245,0.00,29.73,15.48
2008,246,0.00,31.56,14.16
2008,247,0.00,32.67,15.95
2008,248,0.00,33.05,17.39
2008,249,28.83,29.25,17.84
2008,250,14.25,27.81,21.81
2008,251,0.00,30.93,18.48
2008,252,0.00,31.13,17.87
2008,253,0.00,31.36,20.73
2008,254,8.96,24.48,20.76
2008,255,0.00,26.51,19.36
2008,256,0.00,30.27,18.29
2008,257,0.00,33.54,22.55
2008,258,0.00,33.19,22.84
2008,259,0.00,31.55,23.12
2008,260,5.95,24.40,18.62
2008,261,0.00,23.90,14.27
2008,262,0.00,26.76,12.85
2008,263,0.00,23.35,15.32
2008,264,0.00,22.80,16.82
2008,265,0.00,25.15,14.42
2008,266,0.00,24.01,16.39
2008,267,0.00,23.12,15.72
2008,268,10.61,21.64,15.26
2008,269,94.61,21.96,16.30
2008,270,15.61,27.74,18.84
2008,271,0.00,28.80,19.42
2008,272,0.00,26.17,18.37
2008,273,0.00,26.48,17.28
2008,274,7.87,24.98,16.19
2008,275,1.96,24.46,14.26
2008,276,0.00,21.70,8.95
2008,277,0.00,24.15,9.05
2008,278,0.00,25.56,9.13
2008,279,0.00,26.91,10.09
2008,280,0.00,25.96,11.11
2008,281,0.00,21.21,9.06
2008,282,0.00,23.53,6.71
2008,283,0.00,26.77,15.46
2008,284,0.00,24.11,16.96
2008,285,0.00,23.43,15.46
2008,286,0.00,24.41,12.62
2008,287,0.00,25.40,10.40
2008,288,0.00,28.08,10.07
2008,289,0.00,29.36,12.41
2008,290,0.00,31.05,13.92
2008,291,14.44,21.49,13.37
2008,292,6.07,14.96,10.87
2008,293,0.00,15.91,6.54
2008,294,0.00,18.33,2.69
2008,295,0.00,20.83,4.62
2008,296,0.00,15.79,4.03
2008,297,0.00,16.40,3.21
2008,298,0.00,18.19,5.19
2008,299,4.74,22.89,12.82
2008,300,0.00,20.13,8.11
2008,301,12.01,18.87,3.58
2008,302,0.00,14.10,2.65
2008,303,0.00,12.33,1.89
2008,304,0.00,13.50,0.26
2008,305,0.00,18.78,-0.92
2008,306,0.00,23.41,2.84
2008,307,0.00,21.21,3.97
2008,308,10.79,17.48,10.44
2008,309,15.61,17.68,13.47
2008,310,12.64,17.35,14.06
2008,311,1.35,18.09,13.87
2008,312,0.00,23.73,12.86
2008,313,5.54,19.18,10.75
2008,314,0.00,18.15,3.90
2008,315,0.00,15.39,1.68
2008,316,0.00,12.94,1.41
2008,317,0.00,16.02,3.18
2008,318,32.56,18.14,7.27
2008,319,13.85,19.77,12.40
2008,320,11.70,24.46,12.49
2008,321,0.00,13.66,3.93
2008,322,0.00,10.45,-1.13
2008,323,0.00,6.96,-0.49
2008,324,0.00,5.61,-2.31
2008,325,0.00,12.80,-1.47
2008,326,0.00,7.42,-0.13
2008,327,0.00,5.45,-5.06
2008,328,0.00,9.62,-5.12
2008,329,8.83,12.97,-3.50
2008,330,0.00,11.64,2.60
2008,331,0.00,10.91,-2.30
2008,332,0.00,13.89,-4.18
2008,333,0.00,17.33,0.30
2008,334,9.26,10.00,2.50
2008,335,19.13,15.76,5.88
2008,336,0.00,15.38,5.36
2008,337,0.00,8.60,-0.35
2008,338,0.00,10.71,-3.96
2008,339,1.23,13.92,-0.28
2008,340,0.00,9.53,0.89
2008,341,1.45,10.42,-3.72
2008,342,0.00,6.24,-3.13
2008,343,0.00,7.07,-5.80
2008,344,2.60,16.98,-2.22
2008,345,20.70,20.56,8.50
2008,346,50.74,20.13,13.60
2008,347,11.31,15.72,2.14
2008,348,0.00,7.11,-2.00
2008,349,0.00,16.03,-2.26
2008,350,0.00,21.94,7.92
2008,351,1.28,13.84,7.04
2008,352,1.76,14.99,6.24
2008,353,0.00,12.85,7.55
2008,354,0.00,19.60,7.66
2008,355,9.50,15.73,6.89
2008,356,10.72,12.87,3.41
2008,357,0.00,2.14,-5.41
2008,358,0.00,8.00,-7.22
2008,359,0.00,18.85,-1.79
2008,360,0.00,18.42,4.23
2008,361,4.13,10.94,-0.05
2008,362,0.00,18.63,6.42
2008,363,3.29,24.25,10.54
2008,364,0.00,15.44,5.64
2008,365,0.00,15.39,2.53
2009,1,0.00,3.26,-5.85
2009,2,4.95,4.44,-5.63
2009,3,1.47,11.65,-1.10
2009,4,0.00,12.07,-1.29
2009,5,8.87,17.43,6.69
2009,6,11.51,12.56,5.13
2009,7,3.12,20.98,5.44
2009,8,0.00,12.12,2.57
2009,9,0.00,7.78,-2.89
2009,10,1.05,16.01,-2.53
2009,11,0.00,14.56,2.28
2009,12,0.00,7.58,-0.59
2009,13,6.01,6.75,-1.38
2009,14,0.00,4.52,-2.44
2009,15,0.00,6.01,-4.84
2009,16,0.00,-2.47,-10.35
2009,17,0.00,0.56,-12.00
2009,18,8.91,4.31,-3.60
2009,19,0.00,5.03,-0.67
2009,20,0.00,1.35,-3.40
2009,21,0.00,3.38,-7.61
2009,22,0.00,10.14,-6.24
2009,23,0.00,14.70,-3.10
2009,24,0.00,12.91,0.39
2009,25,0.00,2.26,-4.32
2009,26,0.00,6.60,-0.99
2009,27,7.91,6.16,-0.15
2009,28,7.14,20.88,2.67
2009,29,0.00,9.83,-1.10
2009,30,0.00,10.58,-3.22
2009,31,0.00,7.73,-5.00
2009,32,0.00,15.69,-1.62
2009,33,0.00,17.13,3.21
2009,34,0.00,6.37,-0.55
2009,35,0.00,2.85,-3.23
2009,36,0.00,1.20,-8.12
2009,37,0.00,7.77,-9.36
2009,38,0.00,19.44,-2.96
2009,39,0.00,21.71,6.90
2009,40,0.00,15.36,0.36
2009,41,0.00,21.64,3.64
2009,42,0.00,22.53,10.44
2009,43,0.00,19.35,10.50
2009,44,0.00,17.04,1.53
2009,45,0.00,13.55,-1.12
2009,46,1.50,9.16,0.32
2009,47,0.00,6.89,-1.76
2009,48,0.00,8.43,-3.36
2009,49,7.48,13.57,-1.33
2009,50,0.00,15.05,0.78
2009,51,0.00,6.04,-3.45
2009,52,0.00,9.61,-7.16
2009,53,3.10,9.49,-0.97
2009,54,0.00,5.93,-4.22
2009,55,0.00,6.37,-5.74
2009,56,0.00,11.62,-7.32
2009,57,0.00,18.30,-1.40
2009,58,1.61,20.72,4.91
2009,59,25.90,12.28,3.86
2009,60,30.42,5.80,1.66
2009,61,1.96,1.08,-5.32
2009,62,0.00,-0.27,-8.67
2009,63,0.00,5.90,-9.02
2009,64,0.00,14.83,-5.21
2009,65,0.00,21.82,0.45
2009,66,0.00,25.12,9.25
2009,67,0.00,26.90,13.58
2009,68,0.00,27.52,12.10
2009,69,0.00,13.80,4.50
2009,70,0.00,26.66,6.37
2009,71,0.00,13.64,6.51
2009,72,20.83,6.82,3.61
2009,73,14.41,7.46,3.61
2009,74,24.86,9.05,5.45
2009,75,16.26,9.55,6.03
2009,76,6.75,9.37,4.45
2009,77,0.00,17.86,1.88
2009,78,12.21,22.97,5.12
2009,79,0.00,12.96,3.12
2009,80,0.00,11.29,-0.57
2009,81,0.00,15.94,-0.83
2009,82,0.00,12.78,0.95
2009,83,0.00,9.67,-0.32
2009,84,0.00,9.37,-2.69
2009,85,5.21,17.31,3.92
2009,86,19.27,17.06,8.33
2009,87,16.85,23.65,10.48
2009,88,0.00,26.26,12.42
2009,89,0.00,18.23,6.54
2009,90,0.00,16.58,2.91
2009,91,0.00,19.66,7.34
2009,92,2.06,19.04,11.55
2009,93,0.00,25.44,13.75
2009,94,0.00,22.03,9.42
2009,95,0.00,23.42,5.82
2009,96,18.66,21.85,11.59
2009,97,0.00,12.16,4.08
2009,98,2.05,14.52,1.06
2009,99,0.00,19.10,4.56
2009,100,7.47,26.04,6.90
2009,101,2.60,20.98,8.82
2009,102,0.00,15.86,4.44
2009,103,3.68,14.68,3.18
2009,104,13.11,22.08,8.67
2009,105,4.61,13.55,7.22
2009,106,0.00,15.84,4.10
2009,107,0.00,22.41,0.12
2009,108,0.00,26.49,7.29
2009,109,0.08,23.96,11.65
2009,110,3.41,24.64,12.41
2009,111,2.72,22.62,11.96
2009,112,1.41,18.09,7.80
2009,113,0.00,22.57,4.22
2009,114,0.00,27.90,5.69
2009,115,0.00,32.31,16.47
2009,116,0.00,33.31,17.55
2009,117,0.00,32.41,15.26
2009,118,0.00,28.77,13.69
2009,119,0.00,23.19,12.67
2009,120,0.00,21.95,11.74
2009,121,0.00,27.17,15.42
2009,122,0.00,27.71,18.06
2009,123,3.97,29.00,17.48
2009,124,8.81,28.74,17.20
2009,125,22.34,22.48,14.61
2009,126,14.84,26.82,15.85
2009,127,30.54,27.46,17.81
2009,128,6.68,27.56,15.89
2009,129,0.00,30.67,20.48
2009,130,0.00,26.60,14.26
2009,131,2.28,18.91,10.58
2009,132,0.00,24.13,7.70
2009,133,0.00,22.80,10.04
2009,134,0.00,25.30,12.29
2009,135,14.83,27.66,17.62
2009,136,5.00,28.29,18.57
2009,137,33.04,22.84,14.64
2009,138,0.57,17.84,9.46
2009,139,0.00,18.58,7.71
2009,140,0.00,22.59,5.23
2009,141,0.00,25.72,8.26
2009,142,0.00,28.28,11.99
2009,143,0.00,28.85,16.18
2009,144,6.69,28.00,18.11
2009,145,0.00,28.94,18.41
2009,146,0.00,27.85,17.95
2009,147,0.00,27.17,18.22
2009,148,3.35,29.34,18.74
2009,149,0.00,31.03,20.23
2009,150,0.00,28.88,17.77
2009,151,0.00,30.16,18.17
2009,152,0.00,26.41,16.65
2009,153,0.00,33.49,17.84
2009,154,1.88,32.37,19.37
2009,155,34.24,29.15,19.47
2009,156,34.05,28.71,17.75
2009,157,0.00,22.58,16.92
2009,158,0.00,26.72,13.82
2009,159,0.00,31.15,16.49
2009,160,32.12,32.23,17.62
2009,161,0.00,29.55,17.25
2009,162,5.47,31.23,20.57
2009,163,0.00,31.40,22.03
2009,164,20.37,31.02,19.72
2009,165,0.00,28.48,18.81
2009,166,0.00,25.90,17.20
2009,167,0.00,25.13,17.94
2009,168,2.04,25.50,18.48
2009,169,15.74,29.58,19.21
2009,170,0.00,30.83,21.31
2009,171,0.00,34.29,22.44
2009,172,0.00,30.47,20.44
2009,173,7.27,29.23,18.22
2009,174,0.00,28.33,18.03
2009,175,0.00,30.85,18.16
2009,176,0.00,32.88,19.60
2009,177,3.24,33.44,20.01
2009,178,0.00,30.88,20.30
2009,179,0.00,29.17,17.26
2009,180,0.00,31.57,18.66
2009,181,0.00,33.05,17.87
2009,182,3.44,33.62,19.01
2009,183,0.00,30.96,19.48
2009,184,0.00,29.07,18.26
2009,185,0.00,30.26,16.18
2009,186,17.62,25.14,19.15
2009,187,0.00,26.05,18.74
2009,188,0.00,30.60,16.30
2009,189,0.00,29.87,17.20
2009,190,0.00,27.88,17.66
2009,191,0.00,27.27,15.25
2009,192,0.00,29.46,14.84
2009,193,4.14,32.66,19.62
2009,194,0.00,27.64,19.47
2009,195,0.00,29.18,16.93
2009,196,0.00,31.21,15.88
2009,197,0.00,32.07,21.18
2009,198,39.83,32.71,21.58
2009,199,0.00,29.45,19.93
2009,200,0.00,29.74,18.24
2009,201,1.55,27.34,19.52
2009,202,0.00,29.72,19.02
2009,203,0.00,30.49,18.91
2009,204,2.17,31.10,20.50
2009,205,0.00,30.91,21.02
2009,206,0.00,32.49,19.49
2009,207,0.00,34.02,22.82
2009,208,6.31,32.07,21.00
2009,209,0.00,32.57,20.33
2009,210,23.22,32.37,22.22
2009,211,0.04,32.64,22.82
2009,212,1.30,33.80,22.91
2009,213,0.00,31.01,23.11
2009,214,2.18,30.24,22.71
2009,215,0.00,32.60,22.71
2009,216,1.39,32.20,21.40
2009,217,30.83,33.85,21.57
2009,218,23.63,28.49,20.43
2009,219,0.00,29.59,18.61
2009,220,6.14,30.62,18.74
2009,221,0.00,34.28,21.76
2009,222,0.00,35.11,23.22
2009,223,0.00,34.44,23.63
2009,224,35.18,32.60,22.30
2009,225,5.59,27.94,22.22
2009,226,26.21,27.01,21.45
2009,227,4.46,28.76,21.04
2009,228,0.00,30.57,19.12
2009,229,0.00,31.98,18.66
2009,230,0.00,33.92,20.98
2009,231,0.00,33.97,22.77
2009,232,0.00,33.65,23.27
2009,233,0.00,32.78,23.80
2009,234,17.66,32.55,21.83
2009,235,0.00,29.19,19.84
2009,236,0.25,30.87,20.22
2009,237,0.00,30.43,19.31
2009,238,0.00,32.61,20.02
2009,239,0.00,33.92,21.29
2009,240,3.14,31.61,21.31
2009,241,0.00,31.81,22.49
2009,242,4.93,31.10,21.98
2009,243,22.72,22.78,18.62
2009,244,0.00,25.20,17.03
2009,245,0.00,25.14,15.16
2009,246,0.00,25.99,17.60
2009,247,0.00,29.06,17.73
2009,248,0.00,30.03,15.35
2009,249,0.00,28.50,15.99
2009,250,55.92,24.46,19.37
2009,251,42.98,23.86,19.41
2009,252,6.00,26.48,16.96
2009,253,7.89,22.10,17.31
2009,254,0.00,26.05,15.15
2009,255,0.00,27.17,14.93
2009,256,0.00,27.25,16.07
2009,257,0.00,29.16,14.50
2009,258,0.00,30.84,16.00
2009,259,0.00,29.22,18.30
2009,260,0.00,24.39,17.88
2009,261,0.00,24.59,15.98
2009,262,0.00,24.69,15.05
2009,263,0.00,25.25,12.37
2009,264,0.00,27.92,13.03
2009,265,0.00,28.90,18.72
2009,266,5.97,29.84,19.79
2009,267,22.03,31.39,20.16
2009,268,11.94,23.61,18.86
2009,269,9.67,21.82,17.66
2009,270,4.86,27.44,16.72
2009,271,15.51,28.49,12.71
2009,272,0.00,22.23,11.03
2009,273,0.00,22.65,9.23
2009,274,0.00,23.07,10.79
2009,275,0.00,25.47,11.19
2009,276,0.00,27.98,14.98
2009,277,0.00,25.05,11.87
2009,278,0.00,24.15,13.46
2009,279,0.00,23.17,12.57
2009,280,0.00,27.58,13.76
2009,281,0.00,22.61,7.66
2009,282,0.00,29.79,11.06
2009,283,2.86,27.70,16.60
2009,284,0.00,22.66,10.98
2009,285,1.35,18.66,8.77
2009,286,0.00,24.64,10.95
2009,287,4.71,16.59,11.08
2009,288,20.81,17.18,10.92
2009,289,3.89,13.05,8.45
2009,290,1.93,13.35,6.63
2009,291,1.55,12.33,6.13
2009,292,0.00,16.64,4.59
2009,293,0.00,21.23,3.68
2009,294,0.00,25.54,5.04
2009,295,0.00,25.01,8.45
2009,296,0.00,27.36,12.08
2009,297,1.36,28.61,16.65
2009,298,0.00,19.19,10.37
2009,299,3.12,20.05,6.86
2009,300,3.85,19.80,11.80
2009,301,0.00,25.30,13.55
2009,302,0.00,18.37,11.10
2009,303,0.00,20.66,11.78
2009,304,3.88,25.45,14.41
2009,305,10.83,19.97,11.16
2009,306,1.60,15.60,9.88
2009,307,0.00,19.61,6.99
2009,308,2.25,16.88,5.62
2009,309,0.00,17.87,5.29
2009,310,0.00,14.10,1.13
2009,311,0.00,17.14,-0.22
2009,312,0.00,23.43,6.31
2009,313,0.00,24.37,5.06
2009,314,12.76,22.00,9.73
2009,315,95.87,15.49,12.48
2009,316,112.58,14.13,11.81
2009,317,7.50,14.35,11.02
2009,318,0.00,15.93,11.79
2009,319,0.00,21.48,10.03
2009,320,0.00,20.88,8.05
2009,321,0.00,17.77,8.17
2009,322,0.00,19.50,12.04
2009,323,0.00,22.56,13.63
2009,324,0.00,17.51,9.42
2009,325,0.00,14.94,4.86
2009,326,2.64,15.13,3.95
2009,327,2.60,15.55,9.79
2009,328,4.69,13.53,9.48
2009,329,1.59,13.95,9.24
2009,330,2.73,17.90,6.18
2009,331,0.00,13.35,3.32
2009,332,0.00,13.52,1.06
2009,333,0.00,20.87,2.39
2009,334,5.97,19.63,6.68
2009,335,0.00,13.33,0.20
2009,336,23.68,20.54,2.96
2009,337,0.00,20.44,8.79
2009,338,13.95,14.56,3.51
2009,339,11.03,11.77,3.60
2009,340,0.00,6.81,-0.81
2009,341,0.00,11.93,-1.89
2009,342,38.48,12.42,0.96
2009,343,20.25,22.70,8.04
2009,344,0.00,15.70,3.80
2009,345,0.00,4.71,-2.13
2009,346,0.00,9.09,-5.39
2009,347,16.83,16.49,1.86
2009,348,0.00,11.25,3.32
2009,349,0.00,14.86,6.51
2009,350,0.00,10.00,-0.35
2009,351,0.00,6.42,-2.82
2009,352,22.67,7.18,-2.37
2009,353,9.50,8.53,-1.42
2009,354,0.00,4.97,-2.29
2009,355,0.00,6.91,-4.05
2009,356,0.00,8.38,-4.27
2009,357,0.00,8.89,-2.59
2009,358,0.00,8.45,-2.90
2009,359,23.40,14.46,2.22
2009,360,0.78,15.12,8.10
2009,361,0.00,12.80,1.44
2009,362,0.00,9.29,1.26
2009,363,0.00,5.91,-2.34
2009,364,14.28,4.04,-4.59
2009,365,8.91,7.24,-0.70
2010,1,3.87,6.85,0.40
2010,2,0.00,1.53,-4.35
2010,3,0.00,1.03,-6.76
2010,4,0.00,3.21,-7.25
2010,5,0.00,2.95,-7.37
2010,6,0.00,5.92,-5.42
2010,7,2.61,5.57,-6.29
2010,8,0.00,3.65,-3.46
2010,9,0.00,2.69,-6.78
2010,10,0.00,1.86,-7.41
2010,11,0.00,6.23,-10.06
2010,12,0.00,4.30,-4.46
2010,13,0.00,7.76,-6.40
2010,14,0.00,11.53,-5.25
2010,15,0.00,15.82,-3.51
2010,16,9.45,15.61,-1.98
2010,17,15.73,19.11,3.37
2010,18,0.00,16.61,2.44
2010,19,0.00,17.42,2.40
2010,20,3.14,10.06,1.79
2010,21,14.27,7.03,2.16
2010,22,6.69,7.49,0.91
2010,23,0.00,9.59,-0.95
2010,24,18.92,18.96,1.52
2010,25,17.58,18.19,8.13
2010,26,0.00,11.14,2.34
2010,27,0.00,10.11,-2.54
2010,28,0.00,14.81,-2.16
2010,29,12.12,4.43,-2.14
2010,30,17.86,-0.92,-5.55
2010,31,0.00,1.60,-8.18
2010,32,0.00,7.62,-9.16
2010,33,7.98,6.11,-6.22
2010,34,0.00,7.29,-0.61
2010,35,0.00,6.35,-2.38
2010,36,53.43,8.93,0.26
2010,37,6.86,7.16,-2.10
2010,38,0.00,3.46,-5.59
2010,39,0.00,5.46,-5.34
2010,40,14.92,6.65,-5.16
2010,41,0.22,3.99,-2.79
2010,42,0.00,8.95,-2.19
2010,43,2.88,4.76,-3.69
2010,44,1.45,1.55,-2.66
2010,45,0.00,7.00,-4.55
2010,46,0.00,12.50,-3.94
2010,47,0.00,6.80,-1.80
2010,48,0.00,6.78,-3.72
2010,49,0.00,11.20,-1.67
2010,50,0.00,11.81,-1.17
2010,51,0.00,13.72,-3.76
2010,52,0.00,16.38,-3.02
2010,53,7.68,15.65,-0.74
2010,54,0.00,10.47,3.76
2010,55,7.10,7.44,1.05
2010,56,0.00,7.92,0.09
2010,57,0.00,9.33,-0.29
2010,58,0.00,9.06,-1.57
2010,59,0.00,10.74,-2.77
2010,60,0.00,13.00,-1.66
2010,61,31.56,7.59,-0.98
2010,62,8.48,4.21,0.10
2010,63,0.00,10.26,0.19
2010,64,0.00,10.60,-1.07
2010,65,0.00,11.78,-0.99
2010,66,0.00,15.92,-3.04
2010,67,0.00,17.29,-1.74
2010,68,0.00,20.29,-1.74
2010,69,3.67,22.71,3.66
2010,70,14.17,19.83,10.66
2010,71,14.52,17.72,12.23
2010,72,2.68,20.65,11.00
2010,73,0.00,13.22,6.67
2010,74,1.62,11.85,6.41
2010,75,0.00,13.05,3.87
2010,76,0.00,18.49,-0.70
2010,77,0.00,19.35,3.04
2010,78,0.00,22.42,3.03
2010,79,0.00,25.79,3.51
2010,80,0.00,23.03,7.42
2010,81,2.62,19.35,12.09
2010,82,0.00,16.92,5.01
2010,83,0.00,21.82,5.71
2010,84,4.25,23.17,6.28
2010,85,7.58,19.89,4.20
2010,86,0.00,12.97,0.70
2010,87,48.17,20.88,1.11
2010,88,35.93,16.68,10.88
2010,89,4.45,19.08,8.88
2010,90,0.00,23.06,7.95
2010,91,0.00,24.52,5.13
2010,92,0.00,24.65,7.04
2010,93,0.00,25.12,8.08
2010,94,0.00,26.20,12.17
2010,95,0.00,30.98,12.32
2010,96,0.00,31.76,17.22
2010,97,0.00,31.21,17.72
2010,98,7.99,28.33,16.12
2010,99,2.34,19.49,9.47
2010,100,0.00,20.25,2.89
2010,101,0.00,24.22,5.20
2010,102,0.00,24.62,7.93
2010,103,3.00,23.42,6.63
2010,104,0.00,15.96,5.88
2010,105,0.00,22.57,1.46
2010,106,0.00,30.07,9.58
2010,107,0.00,25.24,12.03
2010,108,0.00,18.44,3.22
2010,109,0.00,18.91,3.24
2010,110,0.00,22.19,4.59
2010,111,4.15,15.49,8.50
2010,112,0.00,23.48,6.50
2010,113,0.00,24.97,9.34
2010,114,7.66,19.75,11.92
2010,115,0.00,27.07,15.41
2010,116,15.77,26.89,15.62
2010,117,4.42,18.75,9.93
2010,118,0.00,18.60,4.55
2010,119,0.00,22.92,2.66
2010,120,0.00,28.80,10.04
2010,121,0.00,31.15,15.59
2010,122,0.00,32.91,20.08
2010,123,0.00,29.65,18.90
2010,124,0.00,28.36,18.43
2010,125,0.00,31.06,13.87
2010,126,0.00,32.31,16.29
2010,127,0.00,27.52,16.19
2010,128,0.00,31.94,15.71
2010,129,0.00,21.34,8.43
2010,130,0.00,19.51,6.19
2010,131,0.00,19.76,5.94
2010,132,37.82,29.53,13.65
2010,133,16.42,20.18,13.24
2010,134,0.00,31.49,13.73
2010,135,18.36,30.79,17.32
2010,136,6.73,26.11,15.62
2010,137,46.00,18.38,13.84
2010,138,15.47,18.39,13.34
2010,139,0.00,22.40,12.88
2010,140,0.00,26.48,12.67
2010,141,0.00,26.77,13.31
2010,142,0.00,27.54,13.71
2010,143,18.12,27.29,17.48
2010,144,0.00,25.18,17.46
2010,145,0.00,25.00,17.26
2010,146,0.00,27.62,15.90
2010,147,2.51,33.13,14.96
2010,148,1.51,27.32,15.63
2010,149,0.00,27.90,16.81
2010,150,3.83,30.94,18.73
2010,151,0.00,31.64,19.69
2010,152,0.00,29.72,21.35
2010,153,0.00,31.00,20.10
2010,154,0.00,31.16,19.75
2010,155,0.00,32.87,19.32
2010,156,0.00,33.51,22.78
2010,157,12.91,33.98,21.24
2010,158,0.00,27.77,17.47
2010,159,0.00,26.81,15.46
2010,160,14.44,28.86,13.85
2010,161,0.00,32.25,20.46
2010,162,0.00,29.88,19.27
2010,163,15.42,32.97,18.67
2010,164,0.00,33.67,21.61
2010,165,0.00,33.22,22.49
2010,166,0.00,31.05,21.98
2010,167,17.59,31.36,21.63
2010,168,0.00,32.45,20.75
2010,169,0.00,30.52,19.00
2010,170,0.00,32.24,18.40
2010,171,0.00,34.34,21.49
2010,172,0.00,34.37,21.07
2010,173,0.00,35.48,22.28
2010,174,9.08,35.55,23.78
2010,175,7.76,37.22,22.77
2010,176,0.00,33.28,22.48
2010,177,0.00,34.18,22.26
2010,178,0.00,36.93,23.77
2010,179,0.00,36.02,23.31
2010,180,11.28,34.53,23.55
2010,181,1.30,26.88,20.74
2010,182,0.00,28.00,16.17
2010,183,0.00,27.45,14.31
2010,184,0.00,28.87,11.98
2010,185,0.00,32.50,14.15
2010,186,0.00,35.88,17.50
2010,187,0.00,37.34,19.70
2010,188,0.00,37.50,21.16
2010,189,0.00,33.21,22.23
2010,190,5.88,31.85,22.02
2010,191,7.55,30.98,21.66
2010,192,0.00,33.33,20.21
2010,193,2.26,33.01,22.66
2010,194,0.00,33.00,23.56
2010,195,0.00,32.51,23.62
2010,196,0.00,34.76,21.69
2010,197,0.00,34.95,23.02
2010,198,1.93,32.94,23.56
2010,199,0.00,35.96,23.42
2010,200,6.16,34.39,24.71
2010,201,2.99,36.42,23.49
2010,202,0.00,35.35,23.61
2010,203,0.00,35.43,23.25
2010,204,0.00,36.94,24.51
2010,205,0.00,38.31,26.26
2010,206,10.42,38.45,25.26
2010,207,0.00,32.58,21.47
2010,208,0.00,29.12,18.41
2010,209,0.00,33.10,21.72
2010,210,19.35,36.21,21.84
2010,211,0.00,31.68,19.90
2010,212,3.40,29.75,18.52
2010,213,5.17,24.83,18.15
2010,214,6.58,28.39,20.00
2010,215,0.00,31.30,19.26
2010,216,6.18,34.17,22.25
2010,217,14.83,34.85,22.14
2010,218,0.00,33.60,21.96
2010,219,0.00,31.68,21.65
2010,220,0.00,31.90,21.34
2010,221,0.00,32.76,21.39
2010,222,0.00,35.37,22.09
2010,223,5.71,36.20,24.51
2010,224,7.51,33.27,23.90
2010,225,0.00,29.82,22.05
2010,226,0.00,30.15,19.37
2010,227,0.00,31.70,19.00
2010,228,0.00,34.01,22.13
2010,229,0.00,34.67,22.73
2010,230,26.89,32.27,23.45
2010,231,10.30,27.14,22.44
2010,232,0.00,32.16,20.17
2010,233,26.60,32.07,19.68
2010,234,9.51,32.58,21.72
2010,235,0.00,31.93,21.24
2010,236,0.00,28.01,19.75
2010,237,0.00,27.44,18.67
2010,238,0.00,31.40,18.10
2010,239,0.00,30.19,19.53
2010,240,0.00,30.65,18.47
2010,241,0.00,32.05,16.98
2010,242,0.00,35.42,17.40
2010,243,0.00,34.93,18.58
2010,244,0.00,34.14,17.43
2010,245,4.76,30.98,17.83
2010,246,21.56,29.11,19.99
2010,247,0.00,29.70,16.91
2010,248,0.00,28.42,13.62
2010,249,0.00,30.43,14.01
2010,250,0.00,31.98,15.19
2010,251,0.00,32.14,20.75
2010,252,0.00,29.98,15.51
2010,253,0.00,27.06,13.02
2010,254,8.65,27.59,11.28
2010,255,5.27,22.15,16.28
2010,256,0.00,28.53,16.47
2010,257,0.00,33.36,15.65
2010,258,0.00,31.04,13.29
2010,259,0.00,32.56,17.12
2010,260,0.00,31.23,19.69
2010,261,0.00,27.74,15.83
2010,262,0.00,28.60,12.44
2010,263,0.00,28.56,13.37
2010,264,0.00,27.98,11.26
2010,265,0.00,33.48,14.70
2010,266,0.00,34.88,19.68
2010,267,0.00,34.27,21.26
2010,268,0.00,34.49,19.42
2010,269,41.99,28.11,20.48
2010,270,56.21,24.23,19.72
2010,271,12.26,27.46,19.23
2010,272,103.61,24.08,18.40
2010,273,136.39,25.58,19.24
2010,274,0.00,22.42,14.91
2010,275,0.00,22.31,12.54
2010,276,11.70,18.85,13.97
2010,277,0.00,16.99,10.03
2010,278,0.00,18.99,6.24
2010,279,0.00,17.98,6.19
2010,280,0.00,26.30,7.71
2010,281,0.00,25.70,8.64
2010,282,0.00,28.36,9.56
2010,283,0.00,28.80,10.37
2010,284,0.00,30.57,13.41
2010,285,0.00,30.02,14.86
2010,286,0.00,23.33,14.53
2010,287,20.44,19.55,11.95
2010,288,3.60,19.98,6.87
2010,289,0.00,20.13,8.18
2010,290,0.00,23.35,6.32
2010,291,0.00,25.26,8.26
2010,292,0.00,23.11,11.11
2010,293,0.00,20.59,11.66
2010,294,0.00,23.96,10.68
2010,295,0.00,18.67,4.82
2010,296,0.00,22.09,2.51
2010,297,0.00,25.09,6.60
2010,298,6.76,25.86,12.23
2010,299,8.26,27.16,14.72
2010,300,26.57,30.00,20.39
2010,301,20.48,27.40,18.24
2010,302,0.00,18.72,6.78
2010,303,0.00,16.69,3.14
2010,304,0.00,22.73,8.27
2010,305,0.00,16.17,5.38
2010,306,0.00,13.53,2.75
2010,307,1.52,14.30,5.06
2010,308,9.06,15.52,8.94
2010,309,2.33,15.44,6.12
2010,310,0.00,12.75,4.32
2010,311,0.00,12.22,1.18
2010,312,0.00,16.78,-0.48
2010,313,0.00,16.91,3.14
2010,314,0.00,15.73,4.48
2010,315,0.00,15.19,3.13
2010,316,0.00,15.99,1.95
2010,317,0.00,18.38,1.54
2010,318,0.00,19.39,0.36
2010,319,0.00,20.59,2.56
2010,320,2.45,22.74,8.91
2010,321,0.00,18.85,7.63
2010,322,0.00,16.17,0.99
2010,323,0.00,14.02,0.86
2010,324,0.00,19.13,1.65
2010,325,0.00,20.24,2.65
2010,326,0.00,21.82,3.79
2010,327,0.00,24.24,8.84
2010,328,0.00,15.60,4.44
2010,329,0.00,18.22,3.11
2010,330,0.77,19.35,9.13
2010,331,0.00,12.74,0.90
2010,332,0.00,10.59,-2.53
2010,333,0.00,15.16,-2.79
2010,334,3.66,20.53,3.84
2010,335,7.68,20.13,4.89
2010,336,0.00,8.24,-2.26
2010,337,0.00,8.25,0.77
2010,338,2.30,6.38,-2.89
2010,339,0.00,6.08,-2.00
2010,340,0.00,4.97,-4.28
2010,341,0.00,3.28,-4.93
2010,342,0.00,3.47,-7.59
2010,343,0.00,3.56,-7.46
2010,344,0.00,8.90,-7.12
2010,345,12.06,11.13,-3.37
2010,346,8.59,13.07,3.83
2010,347,3.25,4.69,-3.86
2010,348,0.00,-0.84,-6.89
2010,349,0.00,1.93,-9.05
2010,350,13.53,0.86,-8.16
2010,351,0.00,4.16,-4.69
2010,352,2.17,4.15,-5.45
2010,353,0.00,4.71,-2.04
2010,354,0.00,4.41,-4.67
2010,355,0.00,7.25,-3.62
2010,356,0.00,6.92,-1.87
2010,357,0.00,7.50,-2.83
2010,358,0.00,6.08,-3.84
2010,359,3.40,4.50,-3.66
2010,360,24.71,0.99,-3.01
2010,361,0.00,3.90,-4.84
2010,362,0.00,6.05,-5.38
2010,363,0.00,7.70,-8.24
2010,364,0.00,7.49,-8.44
2010,365,0.00,12.73,-5.46
2011,1,3.41,16.51,-1.40
2011,2,6.59,16.99,1.72
2011,3,0.00,5.78,-3.38
2011,4,0.00,9.33,-5.45
2011,5,0.00,8.68,-3.57
2011,6,0.00,7.55,-2.22
2011,7,0.00,5.96,-3.34
2011,8,0.00,5.73,-3.50
2011,9,0.00,3.40,-5.48
2011,10,0.00,2.86,-5.81
2011,11,4.18,1.31,-1.57
2011,12,0.00,3.82,-2.34
2011,13,0.00,4.98,-6.05
2011,14,0.00,3.89,-6.28
2011,15,0.00,9.46,-5.92
2011,16,0.00,9.93,-2.58
2011,17,37.52,7.39,-1.97
2011,18,4.29,7.08,0.69
2011,19,0.00,14.00,2.87
2011,20,0.00,9.73,0.98
2011,21,0.00,8.21,-1.23
2011,22,0.00,-1.18,-7.15
2011,23,0.00,5.39,-9.70
2011,24,0.00,3.99,-8.12
2011,25,19.93,11.32,-2.78
2011,26,15.26,7.21,1.21
2011,27,0.00,5.03,-2.14
2011,28,0.00,10.52,-4.18
2011,29,0.00,11.60,-4.38
2011,30,0.00,13.47,-1.32
2011,31,0.00,5.22,0.04
2011,32,2.38,14.68,-0.24
2011,33,1.99,22.10,4.27
2011,34,0.00,7.83,0.20
2011,35,1.98,5.52,0.56
2011,36,20.25,12.68,1.93
2011,37,0.00,12.44,-0.01
2011,38,4.58,13.48,-1.62
2011,39,0.00,11.57,-0.23
2011,40,5.65,5.88,-4.13
2011,41,0.00,4.54,-4.76
2011,42,0.00,8.06,-8.04
2011,43,0.00,12.91,-5.07
2011,44,0.00,14.42,-3.36
2011,45,0.00,21.19,3.21
2011,46,0.00,12.63,-1.38
2011,47,0.00,16.01,-3.08
2011,48,0.00,21.63,0.79
2011,49,0.00,24.36,9.82
2011,50,0.00,19.64,8.81
2011,51,0.00,14.22,1.61
2011,52,0.00,23.31,4.81
2011,53,0.00,5.35,-0.20
2011,54,0.00,11.00,-3.03
2011,55,1.14,16.18,-2.99
2011,56,1.41,23.46,3.77
2011,57,0.00,13.51,-1.05
2011,58,2.23,23.61,3.43
2011,59,14.89,25.85,9.78
2011,60,0.00,12.05,0.23
2011,61,0.00,17.89,-3.76
2011,62,0.00,8.34,-1.03
2011,63,0.00,13.53,-2.79
2011,64,3.11,18.98,2.13
2011,65,15.71,18.06,7.02
2011,66,0.00,12.88,2.49
2011,67,0.00,12.51,-0.88
2011,68,5.57,14.46,0.78
2011,69,18.86,18.91,8.18
2011,70,0.00,13.42,3.65
2011,71,0.00,18.30,-0.29
2011,72,0.00,24.06,6.95
2011,73,0.00,12.94,4.07
2011,74,4.30,13.64,2.82
2011,75,4.70,17.72,7.25
2011,76,0.00,19.44,4.89
2011,77,0.00,28.60,7.21
2011,78,0.00,21.23,8.00
2011,79,0.87,13.72,2.38
2011,80,3.95,22.83,6.15
2011,81,0.00,20.70,8.48
2011,82,11.34,21.78,9.30
2011,83,4.21,15.85,7.35
2011,84,0.00,13.53,3.43
2011,85,6.11,7.54,3.02
2011,86,1.79,5.61,0.24
2011,87,0.00,10.12,-1.78
2011,88,0.00,14.41,-3.20
2011,89,18.60,8.35,2.25
2011,90,7.00,9.40,5.32
2011,91,1.66,10.69,4.08
2011,92,1.85,16.16,1.00
2011,93,0.00,19.17,2.41
2011,94,4.13,29.21,9.11
2011,95,2.38,21.31,9.58
2011,96,0.00,18.68,1.07
2011,97,0.00,25.42,8.22
2011,98,12.45,22.91,8.66
2011,99,1.83,15.84,7.54
2011,100,0.00,22.50,8.53
2011,101,0.00,28.00,14.37
2011,102,0.00,28.67,15.90
2011,103,0.00,21.09,10.04
2011,104,0.00,22.30,6.47
2011,105,0.00,20.62,5.52
2011,106,20.86,22.70,12.38
2011,107,0.00,21.84,11.25
2011,108,0.00,26.44,10.09
2011,109,0.00,28.64,13.67
2011,110,0.00,30.14,17.75
2011,111,0.00,21.93,9.86
2011,112,0.66,15.95,5.02
2011,113,0.00,27.69,11.55
2011,114,0.00,30.99,17.75
2011,115,0.00,30.35,17.51
2011,116,3.38,28.53,18.97
2011,117,6.44,29.09,19.38
2011,118,8.66,28.34,18.61
2011,119,0.00,24.33,11.80
2011,120,0.00,22.67,8.53
2011,121,0.00,22.80,6.93
2011,122,0.00,27.81,10.78
2011,123,0.00,29.15,15.67
2011,124,5.48,21.65,9.86
2011,125,0.00,20.72,5.81
2011,126,0.00,23.40,7.02
2011,127,0.00,23.44,9.44
2011,128,1.46,22.45,11.33
2011,129,0.00,25.85,9.86
2011,130,0.00,24.32,8.60
2011,131,0.00,23.30,8.37
2011,132,0.00,23.06,8.15
2011,133,7.01,20.87,13.83
2011,134,8.55,29.68,16.03
2011,135,6.28,28.52,17.34
2011,136,0.00,27.63,15.15
2011,137,1.44,25.14,15.96
2011,138,7.01,25.99,14.69
2011,139,0.00,24.48,12.73
2011,140,0.00,25.81,14.10
2011,141,0.00,27.22,13.68
2011,142,0.00,29.41,14.44
2011,143,5.78,30.91,20.10
2011,144,18.85,33.00,20.37
2011,145,0.00,31.02,18.27
2011,146,0.00,32.70,21.46
2011,147,0.00,31.15,19.35
2011,148,0.00,29.99,18.20
2011,149,0.00,31.73,19.53
2011,150,0.00,34.14,21.69
2011,151,0.00,34.89,21.54
2011,152,0.00,34.29,19.26
2011,153,0.00,34.33,20.61
2011,154,0.00,27.86,14.26
2011,155,8.89,29.83,10.89
2011,156,6.19,26.66,17.16
2011,157,0.00,29.93,16.86
2011,158,0.00,31.86,15.61
2011,159,0.00,35.58,20.08
2011,160,0.00,36.49,22.09
2011,161,15.22,34.73,20.81
2011,162,24.63,31.92,19.51
2011,163,10.69,32.30,19.20
2011,164,0.00,27.36,18.80
2011,165,0.00,27.01,15.70
2011,166,0.00,26.70,14.39
2011,167,0.00,28.83,14.27
2011,168,0.00,31.74,20.49
2011,169,0.00,34.11,20.90
2011,170,5.73,30.46,19.59
2011,171,3.49,26.48,17.45
2011,172,0.00,31.61,16.37
2011,173,0.00,32.33,21.17
2011,174,0.00,33.65,21.42
2011,175,4.29,30.94,21.48
2011,176,0.00,31.78,19.52
2011,177,0.00,31.00,17.43
2011,178,7.46,32.34,20.89
2011,179,13.63,35.26,20.82
2011,180,0.00,30.62,20.60
2011,181,0.00,30.86,19.00
2011,182,0.00,31.47,17.00
2011,183,0.00,32.76,17.06
2011,184,0.00,34.58,20.50
2011,185,20.76,35.30,21.06
2011,186,0.00,32.98,20.91
2011,187,17.94,29.72,20.75
2011,188,7.86,32.58,20.22
2011,189,22.77,32.14,21.17
2011,190,11.03,31.60,20.90
2011,191,0.00,32.26,19.06
2011,192,0.00,33.26,19.44
2011,193,0.00,35.71,23.65
2011,194,0.00,33.87,22.99
2011,195,0.00,28.74,19.30
2011,196,0.00,28.20,14.48
2011,197,0.00,29.47,15.55
2011,198,0.00,31.41,17.85
2011,199,0.00,32.69,17.93
2011,200,0.00,34.86,20.00
2011,201,0.00,34.94,21.98
2011,202,0.00,36.86,22.95
2011,203,0.00,38.59,24.83
2011,204,0.00,37.92,25.22
2011,205,30.21,35.74,23.24
2011,206,15.50,34.33,22.57
2011,207,0.00,32.83,22.65
2011,208,0.00,33.14,21.98
2011,209,0.00,35.72,21.45
2011,210,0.00,37.18,23.98
2011,211,0.00,34.39,23.70
2011,212,9.52,29.91,21.56
2011,213,0.00,33.13,20.29
2011,214,0.00,33.71,20.52
2011,215,1.03,35.01,22.31
2011,216,0.00,33.32,22.59
2011,217,0.00,30.76,21.97
2011,218,3.92,31.24,21.47
2011,219,0.00,34.65,23.46
2011,220,0.00,35.19,23.19
2011,221,0.00,35.19,23.11
2011,222,0.00,34.78,21.40
2011,223,0.00,31.90,20.70
2011,224,0.00,31.14,19.07
2011,225,21.20,31.95,19.00
2011,226,8.48,30.30,20.54
2011,227,7.40,29.68,18.37
2011,228,0.00,30.41,17.79
2011,229,0.00,31.20,17.01
2011,230,0.00,31.47,16.82
2011,231,2.70,31.75,18.14
2011,232,0.00,30.92,19.72
2011,233,3.62,32.42,19.85
2011,234,0.00,30.34,19.34
2011,235,0.00,29.58,16.06
2011,236,0.00,31.53,15.61
2011,237,15.23,33.82,19.69
2011,238,66.81,31.74,20.60
2011,239,199.47,25.64,21.89
2011,240,0.00,32.16,19.31
2011,241,0.00,28.79,19.55
2011,242,0.00,27.89,16.96
2011,243,0.00,27.90,14.14
2011,244,0.00,28.12,12.93
2011,245,0.00,27.52,15.41
2011,246,0.00,29.40,15.55
2011,247,0.00,30.83,16.96
2011,248,4.86,29.46,19.14
2011,249,0.00,32.36,23.02
2011,250,8.75,30.01,23.82
2011,251,16.33,30.70,22.15
2011,252,0.00,30.19,18.63
2011,253,0.00,30.95,18.13
2011,254,0.00,31.17,18.16
2011,255,0.00,30.92,17.94
2011,256,0.00,30.66,16.30
2011,257,0.00,31.81,17.55
2011,258,42.82,31.69,16.34
2011,259,10.03,20.61,13.59
2011,260,12.99,18.12,14.01
2011,261,3.69,20.78,15.08
2011,262,0.00,24.12,14.44
2011,263,15.78,25.65,14.60
2011,264,3.70,27.85,19.45
2011,265,13.61,29.13,20.27
2011,266,47.24,26.93,20.30
2011,267,25.41,23.80,19.69
2011,268,3.55,23.60,19.75
2011,269,0.00,27.37,19.81
2011,270,0.00,28.62,19.67
2011,271,18.78,29.67,18.63
2011,272,0.00,28.70,17.74
2011,273,8.83,29.22,14.82
2011,274,0.00,18.82,9.77
2011,275,0.00,15.93,6.49
2011,276,0.00,16.91,6.87
2011,277,0.00,21.02,6.95
2011,278,0.00,24.40,9.68
2011,279,0.00,23.15,8.97
2011,280,0.00,22.77,5.70
2011,281,0.00,23.58,7.90
2011,282,0.00,25.10,9.69
2011,283,0.00,24.98,11.26
2011,284,1.35,22.86,15.18
2011,285,2.04,21.90,17.59
2011,286,4.27,26.55,18.06
2011,287,0.00,23.57,12.12
2011,288,0.00,23.57,9.09
2011,289,0.00,23.76,6.76
2011,290,0.00,28.53,12.98
2011,291,22.20,29.07,14.43
2011,292,9.89,25.25,16.63
2011,293,0.00,18.81,9.20
2011,294,0.00,19.90,6.86
2011,295,0.00,19.04,7.33
2011,296,0.00,19.72,4.86
2011,297,0.00,21.23,5.83
2011,298,0.00,21.14,6.77
2011,299,0.00,23.98,6.90
2011,300,0.00,25.70,11.06
2011,301,6.07,14.29,7.55
2011,302,7.52,14.16,3.35
2011,303,0.00,13.53,0.03
2011,304,17.94,16.22,0.19
2011,305,0.00,16.57,3.45
2011,306,0.00,17.30,2.16
2011,307,2.94,18.86,0.34
2011,308,2.46,16.78,4.56
2011,309,0.00,14.40,7.53
2011,310,0.00,17.66,5.41
2011,311,0.00,20.77,4.17
2011,312,0.00,19.74,2.87
2011,313,0.00,21.32,5.40
2011,314,1.11,21.61,7.50
2011,315,0.00,12.98,1.03
2011,316,0.00,17.75,-0.28
2011,317,0.00,20.46,3.79
2011,318,0.00,24.21,8.59
2011,319,0.00,25.80,13.74
2011,320,5.79,24.99,13.41
2011,321,5.73,14.10,4.89
2011,322,0.00,10.51,-1.80
2011,323,0.00,17.97,-2.61
2011,324,0.00,23.72,5.87
2011,325,9.28,20.39,11.36
2011,326,15.51,20.28,12.87
2011,327,4.60,22.88,10.79
2011,328,0.00,16.76,4.15
2011,329,0.00,20.83,0.24
2011,330,0.00,20.97,1.80
2011,331,0.00,21.95,5.95
2011,332,4.50,22.48,11.56
2011,333,14.01,17.78,8.44
2011,334,0.00,11.99,2.17
2011,335,0.00,12.49,-0.53
2011,336,0.00,16.29,-2.10
2011,337,0.00,13.76,0.76
2011,338,0.00,18.56,1.07
2011,339,0.00,20.42,5.60
2011,340,0.00,22.65,11.69
2011,341,7.90,23.09,10.05
2011,342,0.00,12.73,1.84
2011,343,1.14,14.82,0.85
2011,344,0.00,10.53,1.84
2011,345,0.00,9.11,-1.71
2011,346,0.00,12.53,0.63
2011,347,0.00,13.24,0.80
2011,348,0.00,13.51,0.19
2011,349,0.00,19.98,4.26
2011,350,9.18,19.09,6.19
2011,351,0.00,9.18,0.62
2011,352,0.00,8.31,-2.99
2011,353,0.00,13.23,-4.19
2011,354,1.10,15.00,3.04
2011,355,10.47,18.20,8.78
2011,356,0.00,20.21,13.45
2011,357,0.00,19.79,10.86
2011,358,0.00,12.22,0.86
2011,359,0.00,13.10,-1.42
2011,360,0.00,12.81,0.13
2011,361,11.40,16.67,-0.32
2011,362,0.00,12.95,2.36
2011,363,0.00,11.77,-3.66
2011,364,0.00,16.91,0.02
2011,365,0.00,18.04,2.23
2012,1,0.00,18.70,0.69
2012,2,0.00,12.88,1.28
2012,3,0.00,3.17,-4.63
2012,4,0.00,4.09,-7.95
2012,5,0.00,11.58,-1.93
2012,6,0.00,19.46,0.18
2012,7,0.00,19.50,4.29
2012,8,0.81,13.39,4.23
2012,9,3.69,8.19,4.77
2012,10,0.00,13.10,2.84
2012,11,18.37,13.66,0.84
2012,12,0.00,14.66,8.21
2012,13,0.00,12.30,1.10
2012,14,0.00,6.36,-2.71
2012,15,0.00,4.69,-3.94
2012,16,0.00,9.66,-5.31
2012,17,2.03,18.35,4.95
2012,18,1.68,13.99,2.89
2012,19,0.00,9.25,-1.93
2012,20,4.12,9.91,2.28
2012,21,9.91,15.22,2.39
2012,22,2.66,4.98,1.26
2012,23,1.95,15.38,3.49
2012,24,0.00,17.38,4.22
2012,25,0.00,12.26,1.35
2012,26,0.00,17.73,2.00
2012,27,12.94,19.95,6.38
2012,28,0.00,15.69,1.02
2012,29,0.00,12.13,0.94
2012,30,0.00,12.19,-0.94
2012,31,0.00,19.72,2.96
2012,32,4.59,21.79,7.11
2012,33,4.64,16.58,6.43
2012,34,0.00,12.22,-0.23
2012,35,15.85,16.55,-1.08
2012,36,5.19,8.61,1.11
2012,37,0.00,10.96,-3.16
2012,38,0.00,14.06,-0.07
2012,39,1.58,11.08,-1.40
2012,40,0.00,9.55,-0.81
2012,41,0.00,11.28,-2.56
2012,42,1.62,8.28,-1.46
2012,43,0.00,4.19,-5.65
2012,44,0.00,10.47,-8.35
2012,45,0.00,14.00,-0.11
2012,46,0.00,15.91,1.49
2012,47,8.08,14.42,0.67
2012,48,0.00,13.45,4.06
2012,49,0.00,15.55,3.19
2012,50,19.10,9.60,2.72
2012,51,0.00,8.78,-1.60
2012,52,0.00,13.61,-4.53
2012,53,1.22,20.42,5.82
2012,54,0.00,23.20,8.04
2012,55,4.74,26.11,10.94
2012,56,0.00,11.95,2.23
2012,57,0.00,10.71,-3.27
2012,58,0.00,14.51,-2.65
2012,59,0.00,15.18,2.54
2012,60,8.47,19.28,1.18
2012,61,0.00,26.20,8.81
2012,62,21.72,17.74,5.92
2012,63,19.23,18.58,9.87
2012,64,10.16,11.89,3.07
2012,65,0.00,10.25,-1.65
2012,66,0.00,10.36,-3.16
2012,67,0.00,19.59,-1.06
2012,68,8.18,23.23,7.95
2012,69,8.11,16.21,5.91
2012,70,0.00,10.41,0.01
2012,71,0.00,16.38,-1.81
2012,72,3.98,22.23,1.98
2012,73,2.38,24.13,10.56
2012,74,0.00,27.49,10.68
2012,75,0.00,29.40,10.29
2012,76,8.53,27.10,13.61
2012,77,0.00,22.64,11.85
2012,78,0.00,21.14,10.81
2012,79,0.00,25.03,10.28
2012,80,7.10,25.85,11.44
2012,81,10.12,24.68,13.60
2012,82,0.00,26.39,15.25
2012,83,0.00,29.18,14.78
2012,84,16.54,22.17,14.62
2012,85,6.85,19.06,12.87
2012,86,0.00,22.05,10.27
2012,87,0.00,15.85,4.80
2012,88,0.00,25.54,3.75
2012,89,0.00,25.26,9.83
2012,90,0.00,20.50,6.06
2012,91,11.94,23.32,8.73
2012,92,0.00,18.72,8.04
2012,93,0.00,18.45,7.67
2012,94,0.00,22.65,3.38
2012,95,7.60,28.93,11.86
2012,96,1.61,17.14,8.04
2012,97,0.00,14.86,4.77
2012,98,0.00,18.67,1.85
2012,99,0.00,22.40,3.49
2012,100,0.00,23.44,6.65
2012,101,0.00,22.88,6.84
2012,102,0.00,14.41,5.13
2012,103,0.00,17.06,1.87
2012,104,0.00,18.89,3.16
2012,105,0.00,24.08,4.73
2012,106,0.00,28.67,14.28
2012,107,0.00,29.62,16.09
2012,108,0.00,28.70,14.08
2012,109,6.02,20.88,11.25
2012,110,2.52,19.21,9.92
2012,111,0.00,23.92,8.04
2012,112,20.65,27.60,12.26
2012,113,39.91,18.16,11.12
2012,114,0.90,13.82,6.73
2012,115,0.00,17.67,4.14
2012,116,4.92,21.34,3.62
2012,117,4.82,24.04,11.37
2012,118,0.00,21.20,11.33
2012,119,3.12,16.53,8.69
2012,120,0.00,18.11,10.53
2012,121,0.00,22.16,10.16
2012,122,1.85,29.81,16.06
2012,123,0.00,31.23,15.97
2012,124,0.00,28.50,14.40
2012,125,5.09,31.24,16.09
2012,126,14.00,29.09,16.85
2012,127,0.00,22.30,13.87
2012,128,0.00,22.81,11.03
2012,129,0.00,26.66,11.44
2012,130,45.59,23.28,15.51
2012,131,0.00,22.81,11.90
2012,132,0.00,22.54,10.16
2012,133,0.00,25.43,9.07
2012,134,0.00,25.76,12.41
2012,135,2.44,26.11,16.50
2012,136,18.00,28.28,17.59
2012,137,10.46,27.50,17.51
2012,138,0.00,24.88,14.78
2012,139,0.00,22.75,12.47
2012,140,0.00,23.78,9.00
2012,141,5.76,21.21,11.91
2012,142,0.00,26.41,16.06
2012,143,15.02,27.51,15.69
2012,144,4.76,27.67,15.89
2012,145,0.00,28.17,16.15
2012,146,0.00,29.41,18.57
2012,147,0.00,28.10,17.71
2012,148,0.00,29.17,18.26
2012,149,0.00,31.31,20.99
2012,150,0.00,31.76,21.45
2012,151,28.56,24.37,17.99
2012,152,0.00,31.02,16.31
2012,153,29.64,29.84,17.61
2012,154,0.00,25.49,15.74
2012,155,0.00,26.02,12.83
2012,156,4.69,28.49,14.85
2012,157,3.59,21.03,12.33
2012,158,0.00,22.89,9.83
2012,159,0.00,26.28,10.25
2012,160,0.00,28.58,13.23
2012,161,0.00,31.40,14.39
2012,162,0.00,32.11,18.44
2012,163,1.58,30.04,17.56
2012,164,5.11,27.40,20.38
2012,165,0.00,28.88,18.53
2012,166,0.00,25.31,16.02
2012,167,0.00,25.06,13.48
2012,168,0.00,24.76,12.83
2012,169,0.00,23.46,12.20
2012,170,0.00,25.43,10.78
2012,171,0.00,31.95,17.20
2012,172,0.00,34.25,19.01
2012,173,0.00,35.41,21.65
2012,174,51.53,34.59,21.12
2012,175,4.57,31.17,20.10
2012,176,0.00,31.66,18.77
2012,177,16.07,32.08,18.73
2012,178,0.00,26.48,14.84
2012,179,0.00,29.54,13.31
2012,180,0.00,32.86,15.68
2012,181,0.00,37.56,20.96
2012,182,8.47,35.10,19.31
2012,183,0.00,36.79,20.52
2012,184,0.00,33.34,20.28
2012,185,0.00,34.47,21.23
2012,186,0.00,34.96,23.16
2012,187,0.00,37.00,21.90
2012,188,0.00,35.60,22.56
2012,189,0.00,37.14,22.69
2012,190,0.00,37.33,24.71
2012,191,19.10,33.03,22.98
2012,192,12.50,28.23,22.25
2012,193,2.13,27.11,20.81
2012,194,0.00,28.81,19.71
2012,195,0.00,29.47,19.17
2012,196,0.00,31.21,21.18
2012,197,0.00,33.02,22.05
2012,198,0.00,33.98,23.53
2012,199,0.00,35.29,22.28
2012,200,0.00,35.13,23.50
2012,201,0.00,34.57,24.41
2012,202,18.90,33.41,23.11
2012,203,39.15,30.59,21.26
2012,204,0.00,30.86,20.69
2012,205,0.00,33.86,21.87
2012,206,0.00,34.08,22.24
2012,207,0.00,31.45,21.18
2012,208,0.00,35.25,21.70
2012,209,16.48,35.50,23.37
2012,210,0.00,33.37,22.37
2012,211,0.00,31.96,19.46
2012,212,4.09,30.76,20.98
2012,213,0.00,30.46,20.89
2012,214,5.19,29.38,21.04
2012,215,2.80,32.62,20.51
2012,216,0.00,32.62,20.18
2012,217,0.00,32.51,21.58
2012,218,0.00,32.71,23.00
2012,219,18.56,32.50,22.43
2012,220,6.40,29.31,22.53
2012,221,0.00,30.08,22.07
2012,222,0.00,32.07,21.96
2012,223,3.69,30.60,23.03
2012,224,26.99,29.73,20.74
2012,225,4.10,28.98,20.13
2012,226,0.00,31.47,19.45
2012,227,0.00,32.04,21.08
2012,228,0.00,31.20,20.30
2012,229,0.00,30.99,19.07
2012,230,0.00,32.01,17.93
2012,231,4.70,29.34,20.06
2012,232,20.66,26.48,18.42
2012,233,9.42,25.62,19.27
2012,234,6.80,27.37,19.18
2012,235,0.00,28.54,18.17
2012,236,0.00,28.73,20.07
2012,237,21.66,26.44,19.89
2012,238,33.25,29.32,20.02
2012,239,13.65,30.20,19.86
2012,240,19.18,31.08,20.41
2012,241,45.67,31.94,21.46
2012,242,0.00,30.73,20.63
2012,243,0.00,30.61,19.01
2012,244,0.00,31.72,19.66
2012,245,0.00,33.31,22.06
2012,246,8.97,31.84,21.40
2012,247,8.06,29.44,21.52
2012,248,0.00,31.71,22.01
2012,249,0.00,31.72,21.43
2012,250,13.76,31.53,20.83
2012,251,0.00,30.91,19.01
2012,252,11.84,31.49,19.57
2012,253,0.00,26.32,16.12
2012,254,0.00,25.62,13.56
2012,255,0.00,25.92,11.50
2012,256,0.00,26.18,9.38
2012,257,0.00,27.19,12.30
2012,258,0.00,28.54,15.07
2012,259,0.00,25.81,13.46
2012,260,0.00,24.12,11.38
2012,261,1.86,26.92,16.37
2012,262,15.38,28.90,19.62
2012,263,0.80,22.10,14.61
2012,264,0.00,25.01,12.49
2012,265,0.00,27.32,11.60
2012,266,0.00,28.15,14.46
2012,267,0.00,23.37,12.05
2012,268,0.00,22.82,8.68
2012,269,0.00,25.40,8.50
2012,270,0.00,28.57,12.11
2012,271,0.00,29.66,14.85
2012,272,5.31,27.95,15.35
2012,273,9.28,20.69,13.99
2012,274,0.00,22.40,12.92
2012,275,0.83,21.18,13.02
2012,276,4.19,28.72,16.21
2012,277,1.77,30.01,21.33
2012,278,0.00,28.17,18.69
2012,279,0.00,26.87,15.29
2012,280,0.00,28.68,14.31
2012,281,10.15,18.01,11.20
2012,282,48.73,14.20,10.35
2012,283,3.40,15.59,11.27
2012,284,0.00,21.25,11.32
2012,285,0.00,19.40,6.85
2012,286,0.00,21.32,6.77
2012,287,0.00,19.22,6.76
2012,288,0.00,25.74,6.18
2012,289,20.86,24.27,11.26
2012,290,0.00,20.15,7.66
2012,291,0.00,21.21,6.45
2012,292,0.89,25.10,7.07
2012,293,0.00,25.52,10.07
2012,294,0.00,23.67,9.47
2012,295,0.00,20.82,6.68
2012,296,0.00,21.83,4.55
2012,297,0.00,25.78,5.94
2012,298,0.00,27.41,8.34
2012,299,0.00,26.05,10.03
2012,300,0.00,23.15,13.87
2012,301,23.33,20.26,14.70
2012,302,53.84,16.92,12.63
2012,303,37.48,14.62,7.41
2012,304,11.12,9.36,5.54
2012,305,0.00,13.40,4.09
2012,306,0.00,14.38,4.07
2012,307,0.00,14.43,1.91
2012,308,0.00,12.11,0.14
2012,309,0.00,10.02,2.02
2012,310,0.00,11.02,1.19
2012,311,2.83,9.85,-0.16
2012,312,0.00,8.99,3.89
2012,313,0.00,15.41,2.05
2012,314,0.00,15.56,0.83
2012,315,0.00,20.93,1.32
2012,316,0.00,22.30,3.03
2012,317,0.00,23.86,5.94
2012,318,9.42,16.00,6.51
2012,319,0.00,11.95,2.19
2012,320,5.67,12.86,3.22
2012,321,0.00,11.94,3.17
2012,322,0.00,13.40,1.23
2012,323,0.00,14.84,7.14
2012,324,0.00,12.04,8.86
2012,325,0.00,14.13,7.21
2012,326,0.00,14.37,3.86
2012,327,0.00,15.03,2.54
2012,328,0.00,18.53,-0.07
2012,329,0.00,11.05,0.22
2012,330,0.00,9.47,-5.11
2012,331,0.00,15.83,-1.52
2012,332,1.93,14.42,0.83
2012,333,0.00,10.10,-1.32
2012,334,0.00,11.87,-3.84
2012,335,0.00,15.53,-2.23
2012,336,0.00,17.54,-0.92
2012,337,0.00,18.24,0.01
2012,338,0.00,21.95,7.66
2012,339,0.00,23.63,6.88
2012,340,2.05,17.30,6.35
2012,341,0.00,10.32,-0.05
2012,342,1.23,16.90,0.26
2012,343,0.00,17.13,7.26
2012,344,2.36,20.35,7.25
2012,345,0.00,21.74,12.66
2012,346,0.00,17.37,9.55
2012,347,3.62,9.48,5.77
2012,348,0.00,12.83,2.25
2012,349,0.00,13.59,-1.95
2012,350,14.84,12.77,-2.19
2012,351,9.56,13.84,4.85
2012,352,3.23,17.32,10.90
2012,353,0.00,17.63,7.59
2012,354,0.00,16.80,1.45
2012,355,10.92,16.21,0.70
2012,356,0.00,14.39,1.33
2012,357,0.00,10.00,-0.14
2012,358,0.00,12.24,-4.01
2012,359,0.00,12.95,2.12
2012,360,4.05,13.22,4.64
2012,361,47.98,16.73,5.15
2012,362,0.00,10.74,2.42
2012,363,8.05,7.24,-2.17
2012,364,7.03,8.60,1.64
2012,365,0.00,8.37,-1.64
2013,1,12.61,9.06,2.28
2013,2,7.30,6.67,1.82
2013,3,0.00,5.34,-1.91
2013,4,0.00,8.44,-4.52
2013,5,1.36,10.29,-3.64
2013,6,0.00,9.70,0.04
2013,7,0.00,11.13,-2.03
2013,8,0.00,14.45,-3.70
2013,9,0.00,20.29,0.45
2013,10,0.00,14.73,1.23
2013,11,1.13,15.30,-0.54
2013,12,0.00,14.93,7.55
2013,13,0.00,18.96,9.36
2013,14,6.67,20.46,8.51
2013,15,5.90,9.48,5.29
2013,16,7.59,10.10,4.48
2013,17,22.60,9.32,2.25
2013,18,0.00,7.38,-2.28
2013,19,0.00,13.24,-4.54
2013,20,0.00,16.76,0.45
2013,21,0.00,14.89,-1.41
2013,22,0.00,5.00,-4.55
2013,23,0.00,1.88,-8.56
2013,24,0.00,1.12,-6.93
2013,25,10.14,-1.36,-9.38
2013,26,0.00,1.94,-8.36
2013,27,0.00,4.74,-6.90
2013,28,1.39,9.90,-4.40
2013,29,0.00,20.67,4.95
2013,30,11.61,22.93,9.57
2013,31,0.00,19.08,4.30
2013,32,0.00,5.93,-3.54
2013,33,0.00,5.17,-7.53
2013,34,0.00,7.91,-2.31
2013,35,0.00,7.92,-4.28
2013,36,0.00,14.39,1.05
2013,37,0.00,13.84,-0.65
2013,38,33.33,10.19,-0.56
2013,39,20.61,11.62,3.79
2013,40,0.00,9.80,-1.53
2013,41,0.00,11.08,-4.52
2013,42,1.75,17.26,2.54
2013,43,0.00,16.44,7.27
2013,44,3.13,11.37,6.44
2013,45,0.00,10.03,-0.22
2013,46,0.00,15.41,-1.42
2013,47,8.61,7.84,-0.20
2013,48,0.00,1.61,-4.56
2013,49,0.00,8.53,-8.27
2013,50,6.36,14.79,-2.15
2013,51,0.00,10.25,-0.95
2013,52,0.00,8.38,-4.59
2013,53,10.92,7.50,-0.58
2013,54,11.89,7.91,3.31
2013,55,0.00,12.45,3.24
2013,56,0.00,6.92,-1.48
2013,57,28.09,16.57,-1.00
2013,58,0.00,16.38,4.10
2013,59,0.00,11.02,1.62
2013,60,0.00,9.80,-0.12
2013,61,0.00,6.22,1.15
2013,62,0.00,7.64,-1.93
2013,63,0.00,9.26,-2.94
2013,64,13.23,11.35,-3.62
2013,65,9.04,8.22,1.22
2013,66,0.00,11.63,2.02
2013,67,0.00,10.87,0.59
2013,68,0.00,15.47,0.18
2013,69,0.00,16.75,-2.28
2013,70,0.00,20.25,1.04
2013,71,8.45,20.66,7.17
2013,72,0.00,14.19,2.47
2013,73,0.00,11.35,-1.63
2013,74,0.00,15.40,-2.83
2013,75,4.35,23.25,4.73
2013,76,1.48,11.57,3.73
2013,77,2.14,9.18,2.42
2013,78,0.00,18.04,4.05
2013,79,0.00,13.02,1.09
2013,80,0.00,6.46,-2.00
2013,81,0.00,11.03,-5.19
2013,82,0.00,13.42,-3.17
2013,83,21.37,6.85,-1.66
2013,84,2.46,8.04,0.45
2013,85,0.00,10.30,-1.31
2013,86,0.00,12.04,0.01
2013,87,0.00,12.80,-0.87
2013,88,0.00,14.48,-0.97
2013,89,0.00,17.28,-0.25
2013,90,10.11,18.65,4.65
2013,91,0.00,22.55,8.87
2013,92,0.00,15.01,1.98
2013,93,0.00,13.87,1.17
2013,94,19.85,12.04,1.30
2013,95,9.69,16.34,3.51
2013,96,0.00,13.39,1.65
2013,97,0.00,21.51,0.61
2013,98,0.00,26.23,9.29
2013,99,0.00,29.11,14.75
2013,100,0.00,31.49,16.41
2013,101,0.00,29.14,16.31
2013,102,11.83,26.84,18.88
2013,103,0.00,22.50,12.17
2013,104,0.00,25.18,9.03
2013,105,1.14,20.41,13.25
2013,106,0.00,24.09,13.48
2013,107,10.79,29.02,11.95
2013,108,0.00,26.50,14.58
2013,109,21.99,28.59,15.59
2013,110,0.00,17.98,7.30
2013,111,0.00,14.69,5.66
2013,112,1.76,13.57,3.37
2013,113,0.55,16.03,6.59
2013,114,0.00,24.65,4.65
2013,115,0.00,19.36,7.53
2013,116,0.00,21.17,3.21
2013,117,0.00,21.52,4.82
2013,118,9.07,20.50,5.22
2013,119,16.27,19.92,10.91
2013,120,1.27,20.37,13.02
2013,121,3.12,16.34,12.42
2013,122,0.00,20.05,10.15
2013,123,0.00,19.13,8.10
2013,124,0.00,16.73,8.77
2013,125,0.00,17.03,7.82
2013,126,4.95,23.51,11.57
2013,127,4.40,24.42,12.89
2013,128,5.25,22.95,10.61
2013,129,0.00,26.35,11.81
2013,130,0.00,30.30,13.02
2013,131,6.55,29.23,18.45
2013,132,4.49,23.77,13.18
2013,133,0.00,19.82,8.44
2013,134,0.00,20.05,4.20
2013,135,0.00,30.08,11.94
2013,136,0.00,31.89,17.72
2013,137,13.78,28.78,16.07
2013,138,11.00,25.38,15.24
2013,139,9.54,27.37,17.51
2013,140,13.42,27.00,18.24
2013,141,0.00,28.32,18.83
2013,142,8.25,29.10,18.44
2013,143,10.80,26.27,19.45
2013,144,5.91,22.86,12.69
2013,145,0.00,20.63,5.93
2013,146,0.00,23.38,6.38
2013,147,0.00,26.09,7.42
2013,148,0.00,29.35,13.66
2013,149,0.00,30.66,17.57
2013,150,0.00,31.50,18.07
2013,151,0.00,31.46,18.93
2013,152,0.00,32.31,20.07
2013,153,0.00,31.22,19.98
2013,154,7.37,26.38,20.84
2013,155,0.00,26.24,15.72
2013,156,0.00,25.95,11.94
2013,157,13.23,26.43,13.35
2013,158,27.62,28.72,19.67
2013,159,0.00,29.17,19.79
2013,160,0.00,30.17,18.07
2013,161,40.10,28.79,21.24
2013,162,0.00,29.34,20.11
2013,163,0.00,32.82,17.98
2013,164,5.60,34.93,19.85
2013,165,0.00,24.91,15.56
2013,166,0.00,29.33,13.84
2013,167,0.00,30.37,17.47
2013,168,13.27,30.20,19.91
2013,169,12.15,28.85,19.68
2013,170,0.00,25.89,17.09
2013,171,0.00,25.85,15.73
2013,172,2.28,27.55,14.26
2013,173,15.21,28.91,16.29
2013,174,3.54,30.84,20.42
2013,175,0.00,31.07,21.49
2013,176,0.00,32.80,21.43
2013,177,7.45,33.12,20.84
2013,178,8.41,32.44,20.12
2013,179,5.77,32.94,22.24
2013,180,5.91,30.47,20.28
2013,181,1.17,28.43,22.02
2013,182,7.60,28.19,22.08
2013,183,14.19,30.44,21.79
2013,184,9.87,30.59,21.62
2013,185,0.00,31.89,21.76
2013,186,0.00,32.66,21.63
2013,187,0.00,32.42,21.88
2013,188,0.00,32.41,21.90
2013,189,4.28,30.39,22.58
2013,190,0.00,31.35,22.10
2013,191,0.00,32.13,22.37
2013,192,41.83,30.37,21.95
2013,193,8.49,26.91,20.97
2013,194,6.49,31.17,20.61
2013,195,4.34,31.45,21.84
2013,196,0.00,33.16,20.94
2013,197,8.11,34.75,22.45
2013,198,0.00,34.29,21.65
2013,199,0.00,34.46,21.39
2013,200,0.00,33.84,23.43
2013,201,0.00,32.18,23.38
2013,202,0.00,32.40,22.63
2013,203,9.16,32.39,22.81
2013,204,0.00,32.05,22.82
2013,205,16.00,33.36,21.57
2013,206,0.00,26.85,19.86
2013,207,0.00,29.12,17.66
2013,208,0.00,30.03,17.48
2013,209,12.46,30.83,20.52
2013,210,0.00,29.99,20.76
2013,211,0.00,30.11,18.58
2013,212,5.58,28.86,19.32
2013,213,14.64,28.18,19.64
2013,214,13.22,31.55,19.16
2013,215,18.34,30.93,20.70
2013,216,0.00,28.54,17.96
2013,217,0.00,28.55,15.48
2013,218,5.99,23.53,17.25
2013,219,0.00,30.76,19.65
2013,220,0.00,31.01,20.42
2013,221,0.00,33.31,22.82
2013,222,9.57,33.52,23.07
2013,223,0.00,31.98,22.22
2013,224,0.80,32.69,21.66
2013,225,4.93,32.37,22.32
2013,226,0.00,25.19,16.97
2013,227,0.00,25.74,14.53
2013,228,0.00,25.10,15.11
2013,229,18.77,24.84,18.73
2013,230,0.00,27.72,20.18
2013,231,1.21,24.42,19.03
2013,232,0.00,27.83,18.19
2013,233,0.00,30.99,19.12
2013,234,0.00,31.74,20.72
2013,235,21.80,30.83,19.40
2013,236,0.00,27.78,16.80
2013,237,0.00,27.39,13.78
2013,238,0.00,28.46,12.79
2013,239,0.00,31.85,14.97
2013,240,11.59,30.58,20.15
2013,241,0.00,28.75,19.78
2013,242,0.00,30.18,18.22
2013,243,0.00,31.55,18.77
2013,244,9.61,32.33,20.79
2013,245,0.00,31.71,21.06
2013,246,12.05,30.84,20.22
2013,247,0.00,28.70,18.01
2013,248,0.00,31.14,16.99
2013,249,0.00,27.23,15.74
2013,250,0.00,26.77,12.91
2013,251,0.00,30.06,14.07
2013,252,0.00,29.86,17.36
2013,253,0.00,32.03,17.88
2013,254,0.00,32.12,19.32
2013,255,2.72,32.18,19.89
2013,256,0.00,28.79,19.52
2013,257,0.00,24.43,13.43
2013,258,0.00,26.12,10.06
2013,259,0.00,29.56,14.78
2013,260,0.00,23.72,11.63
2013,261,0.00,23.44,9.49
2013,262,0.00,25.43,9.47
2013,263,0.00,26.46,11.15
2013,264,13.98,27.14,11.87
2013,265,0.00,24.33,15.05
2013,266,0.00,20.86,9.91
2013,267,0.00,23.25,7.93
2013,268,0.00,24.81,8.76
2013,269,0.00,24.91,11.84
2013,270,0.00,23.84,11.95
2013,271,0.00,22.84,11.93
2013,272,0.00,23.06,10.69
2013,273,0.00,23.95,9.70
2013,274,0.00,28.05,9.44
2013,275,0.00,29.95,12.51
2013,276,0.00,29.93,13.46
2013,277,0.00,30.51,16.63
2013,278,0.00,31.87,15.93
2013,279,0.00,30.42,17.40
2013,280,16.74,29.53,17.53
2013,281,5.06,19.37,14.36
2013,282,57.39,18.22,14.38
2013,283,37.89,19.85,15.12
2013,284,3.70,19.30,14.95
2013,285,4.14,22.52,15.77
2013,286,4.67,23.56,17.26
2013,287,1.60,21.97,15.01
2013,288,0.84,20.14,13.14
2013,289,0.00,23.91,15.38
2013,290,0.00,25.62,14.07
2013,291,0.00,21.88,13.59
2013,292,0.00,19.87,13.12
2013,293,0.00,19.03,7.16
2013,294,0.00,20.44,3.36
2013,295,0.00,19.25,7.91
2013,296,1.59,17.01,8.62
2013,297,0.00,14.59,3.53
2013,298,0.00,13.98,0.93
2013,299,0.00,16.56,-0.74
2013,300,0.00,19.49,2.69
2013,301,0.00,19.54,3.29
2013,302,0.00,21.86,6.91
2013,303,0.00,22.20,7.61
2013,304,0.00,24.32,10.95
2013,305,16.41,24.54,16.78
2013,306,0.00,22.02,13.66
2013,307,0.00,17.15,5.13
2013,308,0.00,12.91,1.26
2013,309,0.00,18.81,5.50
2013,310,9.88,21.68,6.78
2013,311,12.73,20.28,10.08
2013,312,0.00,14.54,1.29
2013,313,0.00,14.80,-0.47
2013,314,0.00,21.13,4.20
2013,315,0.00,15.74,0.21
2013,316,0.00,13.76,1.09
2013,317,0.00,8.02,-2.91
2013,318,0.00,14.85,-4.15
2013,319,2.11,17.91,-1.84
2013,320,0.00,18.20,6.46
2013,321,3.42,22.36,8.10
2013,322,0.00,23.21,8.68
2013,323,0.00,13.11,3.33
2013,324,0.00,12.77,2.12
2013,325,0.00,17.31,5.35
2013,326,2.13,21.62,5.66
2013,327,0.00,16.58,3.77
2013,328,0.00,6.21,-3.73
2013,329,0.00,5.61,-6.70
2013,330,25.92,17.89,-1.54
2013,331,19.99,16.49,1.78
2013,332,0.00,6.33,-3.96
2013,333,0.00,8.90,-5.25
2013,334,0.00,10.64,-1.82
2013,335,0.00,13.58,-0.56
2013,336,0.00,14.45,-2.66
2013,337,2.28,16.44,-1.54
2013,338,0.90,17.65,5.29
2013,339,0.08,20.14,8.76
2013,340,10.48,25.50,9.81
2013,341,5.25,10.72,3.80
2013,342,10.63,5.40,1.75
2013,343,15.06,8.19,1.35
2013,344,13.63,7.51,0.68
2013,345,0.00,8.54,-3.90
2013,346,0.00,5.64,-4.47
2013,347,0.00,9.69,-5.48
2013,348,21.96,14.67,-1.47
2013,349,0.18,13.60,2.51
2013,350,0.00,10.88,-1.55
2013,351,0.00,15.96,0.75
2013,352,0.00,9.13,-1.37
2013,353,0.00,16.02,-2.96
2013,354,0.00,20.10,2.95
2013,355,0.00,22.62,8.00
2013,356,9.78,26.43,13.31
2013,357,31.51,22.77,8.78
2013,358,0.00,8.79,0.34
2013,359,0.00,3.99,-4.61
2013,360,0.00,8.14,-4.66
2013,361,0.00,11.51,-4.42
2013,362,5.81,14.94,-4.04
2013,363,23.42,17.31,3.91
2013,364,0.92,12.82,1.06
2013,365,0.00,10.40,-0.22
2014,1,0.00,11.54,-1.70
2014,2,11.68,9.67,1.51
2014,3,1.32,6.54,-5.01
2014,4,0.00,8.12,-7.34
2014,5,0.00,16.96,0.38
2014,6,2.91,19.34,-3.19
2014,7,0.00,-1.21,-9.70
2014,8,0.00,4.20,-9.16
2014,9,0.00,9.47,-4.79
2014,10,10.26,15.65,-1.63
2014,11,23.07,20.19,7.27
2014,12,0.00,12.74,2.27
2014,13,0.00,15.66,-0.76
2014,14,13.80,14.95,2.41
2014,15,0.00,13.40,0.57
2014,16,0.00,7.45,-1.44
2014,17,0.00,12.74,-2.55
2014,18,0.00,8.41,-2.85
2014,19,0.00,11.89,-4.65
2014,20,0.00,18.06,0.06
2014,21,7.20,13.87,-3.19
2014,22,0.00,-1.08,-11.52
2014,23,0.00,1.51,-12.26
2014,24,0.00,-0.44,-11.30
2014,25,0.00,3.61,-9.44
2014,26,0.00,8.89,-5.56
2014,27,0.00,16.60,-1.35
2014,28,11.31,2.31,-7.75
2014,29,13.52,-0.93,-10.23
2014,30,0.00,3.98,-13.64
2014,31,0.00,10.14,-7.53
2014,32,9.15,13.48,-6.99
2014,33,0.00,15.57,1.65
2014,34,5.19,14.28,2.75
2014,35,7.87,6.07,0.69
2014,36,2.23,10.05,1.49
2014,37,0.00,5.34,-1.61
2014,38,0.00,7.89,-3.19
2014,39,0.00,6.17,-2.77
2014,40,0.00,7.27,-3.69
2014,41,0.00,4.71,-1.88
2014,42,0.00,0.45,-4.40
2014,43,17.25,5.30,-6.06
2014,44,6.00,7.50,-1.21
2014,45,0.00,15.59,0.73
2014,46,9.23,8.50,-0.37
2014,47,0.00,9.42,-4.55
2014,48,2.51,5.87,-3.40
2014,49,0.00,17.86,-0.99
2014,50,0.00,19.91,0.96
2014,51,0.00,19.19,4.11
2014,52,15.09,24.60,6.40
2014,53,0.00,16.78,1.53
2014,54,0.00,20.65,-0.07
2014,55,0.00,15.33,0.90
2014,56,0.00,6.75,-2.27
2014,57,0.00,6.78,-2.91
2014,58,0.00,11.36,-4.22
2014,59,0.00,3.87,-5.08
2014,60,0.00,10.36,-4.25
2014,61,0.00,21.83,-2.17
2014,62,7.75,7.67,-3.92
2014,63,0.00,1.30,-8.52
2014,64,0.00,5.60,-2.66
2014,65,17.89,4.74,-1.40
2014,66,8.59,6.51,0.97
2014,67,0.00,18.01,-0.44
2014,68,0.00,15.93,1.56
2014,69,0.00,20.31,-0.74
2014,70,0.00,25.78,5.21
2014,71,5.58,21.22,7.53
2014,72,0.00,8.78,-1.24
2014,73,0.00,14.53,-6.29
2014,74,0.00,21.51,2.61
2014,75,13.10,12.95,1.20
2014,76,9.29,3.53,-0.46
2014,77,4.25,5.75,0.45
2014,78,2.89,12.85,2.67
2014,79,0.00,19.53,4.28
2014,80,0.00,19.54,-0.56
2014,81,0.00,24.25,7.46
2014,82,3.19,13.47,3.12
2014,83,0.00,6.87,-2.78
2014,84,12.98,8.89,-2.08
2014,85,0.00,7.10,-2.64
2014,86,0.00,11.78,-4.90
2014,87,12.67,22.36,2.42
2014,88,16.49,19.56,12.99
2014,89,2.79,17.36,4.34
2014,90,0.00,18.73,4.27
2014,91,0.00,21.85,1.91
2014,92,0.00,26.84,5.37
2014,93,0.00,21.69,8.31
2014,94,0.00,29.56,8.64
2014,95,0.00,22.73,9.62
2014,96,5.02,14.28,4.98
2014,97,21.03,21.48,6.89
2014,98,1.89,20.82,11.57
2014,99,0.00,19.76,7.86
2014,100,0.00,22.74,4.74
2014,101,0.00,26.43,11.43
2014,102,0.00,24.53,12.00
2014,103,0.00,27.78,12.85
2014,104,0.00,26.81,14.73
2014,105,44.63,23.83,8.89
2014,106,0.00,12.06,0.49
2014,107,0.00,13.52,0.87
2014,108,1.16,13.13,4.03
2014,109,1.87,11.95,6.28
2014,110,0.00,15.55,7.47
2014,111,0.00,19.63,5.97
2014,112,0.00,27.92,5.05
2014,113,0.00,21.06,10.12
2014,114,0.00,20.29,4.49
2014,115,30.30,24.25,5.64
2014,116,0.00,25.13,10.30
2014,117,0.00,22.58,9.60
2014,118,30.12,14.86,7.87
2014,119,5.27,19.98,9.29
2014,120,6.71,26.58,15.07
2014,121,0.00,26.79,18.11
2014,122,0.00,21.38,12.81
2014,123,0.00,24.86,11.18
2014,124,0.00,26.57,11.14
2014,125,6.57,21.03,9.84
2014,126,0.00,22.01,11.29
2014,127,0.00,25.64,12.26
2014,128,0.00,32.13,15.68
2014,129,0.00,32.25,16.39
2014,130,0.00,31.07,18.74
2014,131,0.00,29.06,15.80
2014,132,0.00,31.90,14.68
2014,133,0.00,33.54,18.33
2014,134,0.00,29.63,17.80
2014,135,48.51,28.51,18.44
2014,136,46.61,24.26,14.71
2014,137,0.00,21.86,10.40
2014,138,0.00,21.58,9.56
2014,139,0.00,23.35,7.75
2014,140,0.00,26.72,8.78
2014,141,0.00,30.59,16.45
2014,142,0.00,31.22,17.58
2014,143,11.75,26.45,16.10
2014,144,0.00,25.15,11.92
2014,145,0.00,28.35,11.93
2014,146,0.00,30.36,14.41
2014,147,0.00,32.44,19.10
2014,148,6.85,31.83,18.22
2014,149,0.00,20.92,16.42
2014,150,0.00,22.13,14.24
2014,151,0.00,24.79,12.46
2014,152,0.00,23.94,9.82
2014,153,0.00,26.52,6.73
2014,154,0.00,30.80,11.41
2014,155,3.13,32.13,16.56
2014,156,8.66,30.85,17.83
2014,157,0.00,28.25,15.58
2014,158,0.00,28.01,13.68
2014,159,0.00,29.74,13.46
2014,160,1.66,28.62,17.26
2014,161,0.00,32.56,20.33
2014,162,12.91,32.53,21.01
2014,163,25.65,28.22,20.22
2014,164,22.12,30.49,19.69
2014,165,0.00,28.72,18.42
2014,166,0.00,29.02,17.09
2014,167,0.00,32.97,18.03
2014,168,0.00,34.74,20.50
2014,169,0.00,35.69,21.67
2014,170,12.82,35.13,21.14
2014,171,12.52,30.49,20.35
2014,172,10.47,29.92,20.47
2014,173,5.43,27.07,18.70
2014,174,0.00,28.08,16.61
2014,175,0.00,30.68,16.67
2014,176,2.64,32.04,20.63
2014,177,0.00,31.90,21.65
2014,178,13.37,31.38,20.43
2014,179,0.00,28.67,17.63
2014,180,0.00,28.28,13.98
2014,181,0.00,31.34,16.31
2014,182,0.00,32.75,18.97
2014,183,0.00,34.21,22.09
2014,184,19.99,33.76,23.03
2014,185,0.00,29.36,19.07
2014,186,0.00,27.91,14.67
2014,187,0.00,29.00,13.57
2014,188,0.00,32.36,16.60
2014,189,0.00,33.83,21.90
2014,190,44.22,33.61,21.64
2014,191,36.34,28.61,20.31
2014,192,0.00,28.86,19.36
2014,193,0.00,30.48,18.14
2014,194,0.00,32.43,18.75
2014,195,0.00,33.03,22.09
2014,196,6.92,32.47,21.68
2014,197,0.00,26.55,19.84
2014,198,0.00,29.37,17.04
2014,199,0.00,29.27,16.01
2014,200,0.00,27.64,16.99
2014,201,0.00,28.88,18.06
2014,202,0.00,28.20,19.70
2014,203,0.00,29.68,20.46
2014,204,0.00,32.58,20.87
2014,205,73.14,29.92,21.17
2014,206,0.00,28.99,18.50
2014,207,0.00,31.01,17.06
2014,208,1.13,29.02,21.31
2014,209,0.00,30.89,21.16
2014,210,0.00,27.67,16.52
2014,211,0.00,27.81,15.22
2014,212,0.00,29.38,15.62
2014,213,39.67,24.79,18.74
2014,214,27.52,23.85,18.98
2014,215,10.81,25.20,19.88
2014,216,0.00,27.85,18.61
2014,217,0.00,29.45,19.58
2014,218,12.07,31.96,19.13
2014,219,0.00,29.21,18.90
2014,220,5.38,29.08,16.50
2014,221,0.00,25.53,17.30
2014,222,0.00,28.72,18.55
2014,223,0.00,29.16,16.40
2014,224,3.72,31.13,19.70
2014,225,0.00,30.02,18.95
2014,226,0.00,28.66,15.89
2014,227,6.94,29.54,16.43
2014,228,0.00,30.24,17.94
2014,229,0.00,30.79,18.75
2014,230,6.22,31.12,18.73
2014,231,0.85,29.37,20.41
2014,232,0.00,30.88,20.20
2014,233,0.00,32.14,20.71
2014,234,0.00,29.98,20.88
2014,235,1.61,26.92,20.14
2014,236,0.00,26.34,17.41
2014,237,0.00,26.74,15.91
2014,238,0.00,28.42,15.15
2014,239,0.00,29.50,15.53
2014,240,0.00,31.66,17.02
2014,241,0.00,28.77,20.34
2014,242,0.00,30.52,20.06
2014,243,0.00,32.52,20.45
2014,244,0.00,33.84,21.96
2014,245,0.00,35.41,22.85
2014,246,9.26,33.07,21.99
2014,247,19.62,31.81,20.62
2014,248,0.00,32.40,20.36
2014,249,0.00,32.60,21.49
2014,250,0.00,27.32,20.71
2014,251,66.46,25.07,20.39
2014,252,8.38,27.15,20.25
2014,253,0.00,28.11,19.41
2014,254,0.00,30.34,18.21
2014,255,0.00,25.84,20.15
2014,256,7.09,28.31,18.66
2014,257,0.00,24.26,15.75
2014,258,0.00,24.27,15.00
2014,259,0.00,28.39,16.78
2014,260,0.00,25.26,16.06
2014,261,0.00,26.23,12.99
2014,262,0.00,25.67,14.00
2014,263,1.99,26.33,13.05
2014,264,0.00,28.65,18.13
2014,265,0.00,26.42,16.39
2014,266,5.39,19.86,13.39
2014,267,41.56,21.30,14.90
2014,268,9.33,21.20,16.96
2014,269,0.00,24.41,15.31
2014,270,0.00,25.82,12.99
2014,271,0.00,25.82,11.45
2014,272,2.69,23.98,13.12
2014,273,0.00,25.26,13.95
2014,274,0.00,25.89,13.52
2014,275,0.00,25.57,14.10
2014,276,5.97,25.49,13.23
2014,277,0.00,25.50,12.36
2014,278,0.00,19.42,4.24
2014,279,0.00,23.48,5.76
2014,280,0.00,24.98,9.87
2014,281,0.00,27.78,14.67
2014,282,0.00,25.09,9.57
2014,283,9.90,26.85,11.73
2014,284,4.13,25.91,14.01
2014,285,0.00,20.44,14.20
2014,286,0.00,27.28,15.18
2014,287,0.00,27.72,17.18
2014,288,10.61,26.77,16.63
2014,289,0.00,23.87,12.22
2014,290,0.00,22.68,10.66
2014,291,0.00,23.73,11.67
2014,292,0.00,19.12,7.51
2014,293,0.00,20.59,2.69
2014,294,1.88,23.02,9.42
2014,295,0.00,16.36,10.95
2014,296,0.00,19.73,8.67
2014,297,0.00,21.10,7.03
2014,298,0.00,20.75,4.80
2014,299,0.00,22.31,6.24
2014,300,0.00,23.41,2.41
2014,301,0.00,26.92,7.12
2014,302,13.39,24.48,11.43
2014,303,0.00,20.51,8.97
2014,304,0.00,18.28,6.61
2014,305,1.06,12.67,4.20
2014,306,1.38,11.08,2.26
2014,307,0.00,17.26,-1.84
2014,308,0.00,21.58,3.95
2014,309,0.00,20.69,8.09
2014,310,7.10,19.71,9.86
2014,311,0.00,17.43,4.79
2014,312,0.00,16.02,-0.49
2014,313,0.00,16.81,4.47
2014,314,0.00,18.94,1.74
2014,315,0.00,19.22,6.51
2014,316,0.00,23.45,10.01
2014,317,0.78,12.52,6.13
2014,318,0.00,7.98,0.26
2014,319,0.00,8.74,-3.91
2014,320,3.52,11.91,-3.06
2014,321,10.80,22.62,5.11
2014,322,0.00,9.21,-2.40
2014,323,0.00,8.81,-6.84
2014,324,0.00,13.19,-1.46
2014,325,0.00,8.52,-3.65
2014,326,0.00,11.84,-5.67
2014,327,12.45,18.49,-2.07
2014,328,8.88,23.65,11.71
2014,329,23.34,17.79,11.06
2014,330,34.02,11.98,4.34
2014,331,7.64,8.34,-0.35
2014,332,0.00,7.86,-2.98
2014,333,0.00,11.77,-3.99
2014,334,0.00,19.69,-0.06
2014,335,0.00,22.77,7.63
2014,336,0.54,12.20,5.95
2014,337,0.00,14.88,5.75
2014,338,0.00,11.68,3.89
2014,339,0.00,13.80,3.86
2014,340,7.97,16.54,5.97
2014,341,0.00,10.33,4.27
2014,342,1.06,8.47,3.50
2014,343,2.76,8.17,2.52
2014,344,0.00,11.89,1.52
2014,345,0.00,9.69,-1.88
2014,346,0.00,11.76,-2.81
2014,347,0.00,11.74,-3.18
2014,348,0.00,12.65,-2.11
2014,349,0.00,13.16,-1.38
2014,350,6.24,16.49,-1.04
2014,351,0.00,15.12,2.15
2014,352,0.00,9.67,-1.18
2014,353,0.00,8.92,-2.40
2014,354,0.00,6.37,-2.18
2014,355,0.00,8.86,-2.66
2014,356,13.32,10.76,1.31
2014,357,13.65,11.85,2.59
2014,358,42.69,20.60,7.39
2014,359,0.00,18.21,4.13
2014,360,0.00,14.51,-0.37
2014,361,0.00,17.25,-0.65
2014,362,7.06,18.31,6.44
2014,363,8.92,12.48,4.69
2014,364,0.00,7.35,-0.62
2014,365,0.00,8.15,-3.67
2015,1,0.00,11.11,-3.04
2015,2,0.00,12.43,1.72
2015,3,4.44,12.57,3.40
2015,4,2.43,22.04,7.09
2015,5,0.00,15.15,0.97
2015,6,0.00,11.42,-2.89
2015,7,0.00,5.53,-7.17
2015,8,0.00,-0.44,-10.33
2015,9,0.00,9.64,-7.10
2015,10,0.00,6.27,-6.44
2015,11,6.47,10.53,-7.15
2015,12,25.37,15.54,0.46
2015,13,8.29,8.07,-0.15
2015,14,5.59,4.25,-0.67
2015,15,0.00,5.70,-0.95
2015,16,0.00,12.19,-1.20
2015,17,0.00,9.24,-2.77
2015,18,21.78,13.19,1.24
2015,19,0.00,13.72,-0.95
2015,20,0.00,17.21,0.31
2015,21,0.00,10.99,-0.35
2015,22,0.00,10.54,-3.80
2015,23,15.58,7.49,-4.07
2015,24,8.15,9.64,-0.68
2015,25,0.00,11.50,-2.23
2015,26,3.07,11.89,-1.09
2015,27,0.00,3.87,-1.80
2015,28,0.00,4.63,-4.62
2015,29,2.46,5.71,-7.59
2015,30,0.00,8.22,-5.15
2015,31,0.00,7.03,-7.21
2015,32,3.32,11.59,-5.76
2015,33,6.16,14.96,-2.32
2015,34,0.00,5.92,-4.38
2015,35,3.06,12.06,-3.92
2015,36,0.00,7.80,-3.20
2015,37,0.00,4.73,-8.12
2015,38,0.00,13.38,-4.78
2015,39,0.00,18.82,2.02
2015,40,10.75,17.48,2.13
2015,41,5.23,3.55,-0.56
2015,42,0.00,4.83,-3.55
2015,43,3.12,9.82,-3.65
2015,44,0.00,2.63,-7.15
2015,45,0.00,9.63,-6.95
2015,46,0.00,0.44,-8.51
2015,47,15.76,-3.22,-9.56
2015,48,0.00,-0.23,-8.22
2015,49,0.00,2.81,-6.99
2015,50,0.00,0.76,-9.73
2015,51,0.00,-2.90,-14.90
2015,52,0.00,10.66,-11.24
2015,53,1.60,13.61,0.13
2015,54,0.00,3.56,-2.35
2015,55,4.09,-1.14,-7.00
2015,56,16.50,6.40,-7.80
2015,57,0.00,1.07,-2.92
2015,58,0.00,5.94,-6.54
2015,59,0.00,3.59,-5.89
2015,60,7.20,4.34,-5.24
2015,61,0.00,9.31,-1.58
2015,62,2.69,7.95,-2.51
2015,63,3.13,19.98,2.48
2015,64,17.39,8.89,-2.56
2015,65,0.00,1.16,-7.45
2015,66,0.00,12.41,-8.41
2015,67,0.00,19.39,0.19
2015,68,0.00,20.17,2.68
2015,69,0.00,21.07,4.75
2015,70,4.02,22.00,9.77
2015,71,0.00,14.42,2.62
2015,72,5.95,15.03,-0.71
2015,73,14.01,18.66,5.07
2015,74,0.00,20.93,5.36
2015,75,0.00,23.04,1.33
2015,76,0.00,26.82,6.42
2015,77,0.00,14.10,1.64
2015,78,12.40,11.51,2.51
2015,79,9.09,11.39,3.23
2015,80,0.00,15.97,2.83
2015,81,0.00,13.73,4.86
2015,82,0.00,9.91,1.70
2015,83,0.00,13.95,0.22
2015,84,0.00,19.61,3.50
2015,85,9.42,21.11,11.50
2015,86,6.49,15.36,4.73
2015,87,0.00,6.74,-0.72
2015,88,0.00,10.24,-3.43
2015,89,2.58,16.12,-0.12
2015,90,0.00,21.08,1.93
2015,91,0.00,16.71,2.61
2015,92,0.00,23.29,0.24
2015,93,0.00,26.58,10.36
2015,94,0.00,21.36,6.15
2015,95,0.00,19.72,0.65
2015,96,0.00,24.39,6.84
2015,97,0.00,24.02,13.04
2015,98,1.89,20.00,10.26
2015,99,4.16,16.31,7.45
2015,100,4.29,28.14,8.01
2015,101,0.00,23.96,8.89
2015,102,0.00,21.89,5.81
2015,103,0.00,25.57,6.29
2015,104,26.40,25.06,12.36
2015,105,0.00,18.39,9.47
2015,106,0.00,22.29,8.48
2015,107,0.00,25.68,10.73
2015,108,0.00,26.30,12.99
2015,109,48.62,23.32,11.40
2015,110,15.02,25.63,16.87
2015,111,0.00,23.31,10.94
2015,112,0.00,24.60,7.20
2015,113,0.00,18.87,7.73
2015,114,0.00,18.05,5.14
2015,115,9.69,14.01,5.18
2015,116,2.26,16.38,5.73
2015,117,0.00,19.58,3.81
2015,118,0.00,21.06,6.04
2015,119,0.00,22.99,7.96
2015,120,9.56,15.96,10.96
2015,121,5.02,14.82,9.00
2015,122,0.00,22.31,6.32
2015,123,0.00,26.99,7.49
2015,124,0.00,27.94,9.74
2015,125,0.00,28.11,13.90
2015,126,0.00,27.31,12.06
2015,127,0.00,25.75,13.11
2015,128,0.00,25.79,12.98
2015,129,0.00,27.82,16.56
2015,130,9.21,28.29,17.81
2015,131,6.37,26.73,19.19
2015,132,0.00,30.71,20.25
2015,133,0.00,25.18,14.80
2015,134,0.00,21.63,9.92
2015,135,0.00,25.59,8.11
2015,136,0.00,29.52,12.85
2015,137,0.00,31.33,15.96
2015,138,8.20,32.52,19.98
2015,139,23.11,31.31,19.95
2015,140,0.00,26.16,16.19
2015,141,24.64,22.18,13.41
2015,142,0.00,24.09,11.03
2015,143,0.00,24.31,10.31
2015,144,0.00,27.78,10.71
2015,145,0.00,28.83,14.74
2015,146,0.00,30.40,14.91
2015,147,0.00,30.88,19.92
2015,148,0.00,30.86,19.89
2015,149,0.00,30.40,18.07
2015,150,0.00,30.20,17.85
2015,151,0.00,31.37,18.40
2015,152,0.00,32.13,19.82
2015,153,24.38,28.13,18.02
2015,154,14.94,22.47,17.10
2015,155,26.95,24.57,17.60
2015,156,4.29,23.27,17.00
2015,157,7.29,27.37,16.37
2015,158,0.00,26.44,14.37
2015,159,3.75,30.33,14.14
2015,160,0.00,30.78,19.37
2015,161,0.00,31.28,19.31
2015,162,0.00,33.28,20.93
2015,163,0.00,33.93,22.00
2015,164,6.61,35.39,22.46
2015,165,5.79,33.78,22.20
2015,166,0.00,35.74,21.82
2015,167,9.00,35.68,22.98
2015,168,3.64,32.03,21.73
2015,169,0.00,33.96,21.04
2015,170,0.00,34.02,21.85
2015,171,14.82,33.84,22.23
2015,172,0.00,33.93,22.30
2015,173,0.00,34.92,21.80
2015,174,15.24,35.63,22.86
2015,175,0.00,31.47,21.42
2015,176,46.10,31.59,20.28
2015,177,22.72,28.36,19.89
2015,178,19.20,31.28,20.34
2015,179,0.00,29.28,19.20
2015,180,0.00,29.69,16.05
2015,181,9.00,32.31,20.11
2015,182,0.00,30.75,20.36
2015,183,13.54,30.36,21.26
2015,184,25.57,29.36,20.34
2015,185,3.20,30.80,21.47
2015,186,45.04,30.75,20.94
2015,187,13.73,31.37,20.65
2015,188,0.00,32.33,21.94
2015,189,2.23,32.32,22.91
2015,190,0.00,34.36,22.72
2015,191,8.92,33.44,22.38
2015,192,34.84,30.78,21.15
2015,193,0.00,29.19,20.77
2015,194,2.47,29.05,20.07
2015,195,2.91,30.44,21.08
2015,196,0.00,30.38,21.68
2015,197,0.00,27.72,19.82
2015,198,0.00,30.92,18.65
2015,199,0.00,33.40,19.92
2015,200,0.00,34.49,21.47
2015,201,0.00,34.86,22.43
2015,202,0.00,33.67,23.77
2015,203,0.00,31.04,20.79
2015,204,0.00,30.43,19.38
2015,205,0.00,30.26,18.93
2015,206,0.00,30.90,16.50
2015,207,0.00,31.93,15.89
2015,208,0.00,31.18,20.67
2015,209,0.00,31.52,21.10
2015,210,0.00,32.65,21.16
2015,211,0.00,33.93,20.45
2015,212,0.00,32.46,20.63
2015,213,0.00,32.95,19.37
2015,214,0.00,32.89,20.18
2015,215,0.00,33.42,20.90
2015,216,0.00,33.73,22.68
2015,217,0.00,34.03,22.09
2015,218,23.22,32.79,21.62
2015,219,25.37,28.78,21.19
2015,220,6.48,27.15,19.15
2015,221,0.00,29.20,17.24
2015,222,0.00,28.68,18.00
2015,223,3.78,28.88,20.37
2015,224,0.00,30.17,18.93
2015,225,0.00,30.29,17.91
2015,226,0.00,30.02,17.05
2015,227,0.00,30.38,14.72
2015,228,0.00,31.30,15.71
2015,229,0.00,32.50,17.76
2015,230,0.00,30.57,20.01
2015,231,9.10,31.20,20.56
2015,232,14.09,32.38,22.32
2015,233,0.00,30.50,21.10
2015,234,0.00,29.97,19.05
2015,235,0.00,30.47,16.78
2015,236,0.00,32.02,17.03
2015,237,0.00,30.01,20.24
2015,238,0.00,28.21,19.81
2015,239,0.00,27.96,18.87
2015,240,0.00,29.22,16.68
2015,241,0.00,29.93,14.46
2015,242,0.00,30.30,16.11
2015,243,6.48,26.54,20.35
2015,244,0.00,31.65,21.01
2015,245,12.62,33.73,19.72
2015,246,0.00,32.74,20.25
2015,247,0.00,32.36,20.72
2015,248,0.00,30.24,20.08
2015,249,8.09,27.26,19.59
2015,250,0.00,31.00,18.41
2015,251,5.04,31.23,19.90
2015,252,0.00,32.47,21.67
2015,253,5.34,31.21,20.10
2015,254,0.00,29.77,19.35
2015,255,15.58,29.64,19.85
2015,256,0.00,25.79,13.70
2015,257,0.00,26.22,10.67
2015,258,0.00,28.52,9.87
2015,259,0.00,28.74,12.10
2015,260,0.00,28.72,14.27
2015,261,0.00,29.89,14.04
2015,262,0.00,30.98,16.97
2015,263,0.00,28.76,17.17
2015,264,0.00,26.95,19.80
2015,265,4.21,24.73,19.63
2015,266,0.00,25.30,18.50
2015,267,5.25,26.65,18.02
2015,268,17.23,24.40,18.97
2015,269,14.50,23.34,17.80
2015,270,2.14,27.13,20.18
2015,271,3.67,27.93,20.84
2015,272,12.85,28.81,22.09
2015,273,47.69,27.47,20.97
2015,274,29.45,21.46,17.08
2015,275,34.76,21.18,16.70
2015,276,6.75,26.85,17.42
2015,277,7.49,21.68,16.91
2015,278,6.11,20.56,15.52
2015,279,0.00,23.00,12.69
2015,280,0.00,25.87,11.30
2015,281,0.00,27.20,12.60
2015,282,0.00,27.20,15.07
2015,283,0.00,21.41,13.75
2015,284,0.00,22.45,11.82
2015,285,0.00,25.53,11.01
2015,286,0.00,24.65,15.01
2015,287,0.00,24.45,12.31
2015,288,0.00,22.85,8.76
2015,289,1.29,18.16,7.43
2015,290,0.00,20.26,5.87
2015,291,0.00,14.93,2.91
2015,292,0.00,15.78,1.61
2015,293,0.00,21.83,1.75
2015,294,0.00,24.91,3.96
2015,295,0.00,25.97,6.80
2015,296,0.00,23.09,8.75
2015,297,0.00,21.53,7.32
2015,298,0.00,22.40,9.60
2015,299,0.00,17.53,10.70
2015,300,3.75,19.66,12.03
2015,301,7.08,25.32,15.67
2015,302,0.00,24.76,16.70
2015,303,0.00,20.19,8.11
2015,304,0.00,18.47,4.81
2015,305,8.51,20.30,9.28
2015,306,16.34,19.24,14.29
2015,307,0.00,21.34,12.57
2015,308,2.59,21.65,12.28
2015,309,11.53,24.66,15.22
2015,310,0.00,25.71,17.58
2015,311,24.79,23.35,12.66
2015,312,0.00,16.46,8.64
2015,313,24.54,20.70,9.53
2015,314,4.29,21.81,12.21
2015,315,0.00,21.47,8.24
2015,316,0.00,23.38,8.07
2015,317,0.00,19.20,7.87
2015,318,0.00,15.20,2.19
2015,319,0.00,18.56,0.06
2015,320,0.00,20.97,1.99
2015,321,0.00,21.41,3.68
2015,322,3.67,21.49,10.72
2015,323,5.49,20.36,14.63
2015,324,0.00,19.11,5.89
2015,325,8.75,17.89,2.08
2015,326,14.73,12.39,3.58
2015,327,0.00,8.95,-1.85
2015,328,0.00,14.39,-3.54
2015,329,0.00,17.86,-1.58
2015,330,0.00,22.01,2.28
2015,331,0.00,22.42,5.85
2015,332,0.00,21.92,5.51
2015,333,10.30,19.62,8.95
2015,334,6.37,12.62,8.51
2015,335,1.92,14.38,7.96
2015,336,1.11,18.40,11.20
2015,337,0.00,16.12,6.27
2015,338,0.00,14.08,1.77
2015,339,0.00,14.57,0.33
2015,340,0.00,15.87,1.35
2015,341,14.22,12.19,3.54
2015,342,0.00,15.49,1.66
2015,343,2.12,18.22,1.09
2015,344,0.00,20.45,6.45
2015,345,0.00,22.25,6.27
2015,346,0.00,24.45,9.25
2015,347,0.00,23.41,9.05
2015,348,2.45,24.31,13.57
2015,349,0.00,21.48,9.78
2015,350,0.00,17.69,5.55
2015,351,21.16,19.00,9.74
2015,352,6.84,14.76,4.77
2015,353,0.00,9.36,-1.27
2015,354,0.00,13.22,-1.87
2015,355,3.63,18.48,2.55
2015,356,12.63,20.35,10.74
2015,357,7.99,23.76,13.96
2015,358,0.67,26.43,17.54
2015,359,0.00,24.96,17.54
2015,360,0.00,22.23,13.99
2015,361,0.00,23.90,13.51
2015,362,4.46,21.19,10.45
2015,363,3.32,24.28,12.42
2015,364,23.96,18.99,13.60
2015,365,9.47,17.70,10.36
2016,1,0.00,12.47,5.28
2016,2,0.00,11.64,0.39
2016,3,0.00,10.95,0.33
2016,4,0.00,6.83,-1.15
2016,5,0.00,2.13,-6.31
2016,6,0.00,9.91,-3.94
2016,7,0.00,12.21,2.51
2016,8,2.10,12.69,5.56
2016,9,3.64,17.13,6.08
2016,10,2.79,18.37,4.29
2016,11,0.00,8.83,-2.93
2016,12,0.00,11.20,-3.61
2016,13,0.00,6.95,-4.51
2016,14,0.00,13.78,-4.49
2016,15,21.13,14.39,-0.77
2016,16,0.00,15.16,2.72
2016,17,9.03,7.80,-0.10
2016,18,0.00,1.58,-4.93
2016,19,0.00,1.07,-9.27
2016,20,1.37,3.43,-8.69
2016,21,0.00,4.47,-5.65
2016,22,45.38,5.54,-5.42
2016,23,11.95,6.38,-3.16
2016,24,0.00,6.61,-5.09
2016,25,0.00,12.01,-4.95
2016,26,0.00,17.12,-0.34
2016,27,1.79,11.18,0.61
2016,28,0.00,9.65,-0.14
2016,29,0.00,11.78,-1.57
2016,30,0.00,13.12,-4.36
2016,31,0.00,20.68,-0.10
2016,32,0.00,21.94,7.70
2016,33,0.00,15.91,5.81
2016,34,42.54,23.22,5.83
2016,35,43.87,17.23,6.53
2016,36,8.63,8.63,-0.08
2016,37,0.00,8.70,-2.77
2016,38,2.58,7.02,-0.75
2016,39,0.94,9.88,0.48
2016,40,0.00,9.52,1.48
2016,41,0.00,5.61,-2.53
2016,42,0.00,3.12,-5.59
2016,43,3.55,0.95,-6.10
2016,44,0.00,1.57,-7.08
2016,45,6.69,0.22,-8.93
2016,46,11.00,10.72,-6.14
2016,47,15.99,16.19,2.26
2016,48,0.00,12.61,1.85
2016,49,0.00,9.84,-1.81
2016,50,0.00,11.39,-4.27
2016,51,0.00,20.29,2.81
2016,52,0.00,21.33,7.30
2016,53,5.40,14.94,6.16
2016,54,7.37,13.93,5.95
2016,55,20.85,21.05,7.03
2016,56,0.00,15.78,6.46
2016,57,0.00,9.66,0.55
2016,58,0.00,10.36,-4.00
2016,59,0.00,19.59,-1.52
2016,60,0.00,21.70,4.22
2016,61,0.88,21.98,2.58
2016,62,0.00,15.80,2.83
2016,63,14.25,8.88,-1.72
2016,64,9.61,6.61,0.03
2016,65,0.00,9.56,-2.15
2016,66,0.00,12.54,-0.61
2016,67,0.00,18.90,-1.01
2016,68,0.00,25.76,7.22
2016,69,0.00,26.32,8.37
2016,70,0.00,26.47,14.20
2016,71,0.00,24.14,12.84
2016,72,0.00,22.02,10.27
2016,73,15.14,24.68,9.84
2016,74,8.82,19.91,11.41
2016,75,6.53,21.27,9.53
2016,76,0.00,28.81,9.02
2016,77,0.00,24.15,9.76
2016,78,0.00,20.79,7.17
2016,79,7.24,13.12,5.38
2016,80,2.47,9.08,3.78
2016,81,0.00,13.52,1.60
2016,82,0.00,18.45,-0.23
2016,83,0.00,24.23,6.94
2016,84,0.00,25.69,10.66
2016,85,2.13,25.71,13.54
2016,86,10.62,18.02,9.27
2016,87,24.23,16.48,9.14
2016,88,8.49,23.53,10.51
2016,89,0.00,19.01,5.36
2016,90,0.00,19.51,2.26
2016,91,0.00,25.10,7.67
2016,92,4.02,26.00,16.14
2016,93,15.78,20.77,12.53
2016,94,0.00,17.19,4.81
2016,95,0.00,21.86,6.68
2016,96,0.00,13.84,0.08
2016,97,0.00,17.76,-2.67
2016,98,1.55,20.34,9.00
2016,99,0.00,16.81,5.86
2016,100,0.00,12.13,3.89
2016,101,0.00,14.31,-1.01
2016,102,0.00,22.82,5.25
2016,103,13.64,17.89,10.30
2016,104,0.00,15.11,4.49
2016,105,0.00,15.86,2.96
2016,106,0.00,16.55,2.37
2016,107,0.00,17.95,2.20
2016,108,0.00,21.16,2.82
2016,109,0.00,29.10,2.77
2016,110,0.00,28.30,8.67
2016,111,0.00,21.47,6.55
2016,112,0.00,26.17,4.31
2016,113,18.22,25.59,13.32
2016,114,8.15,24.02,12.64
2016,115,0.00,21.31,7.88
2016,116,0.00,27.37,6.06
2016,117,0.00,29.12,13.64
2016,118,13.19,27.20,13.96
2016,119,7.09,20.67,12.60
2016,120,0.00,17.43,12.03
2016,121,0.00,18.04,11.44
2016,122,11.87,24.72,11.63
2016,123,20.22,28.96,16.65
2016,124,23.72,23.79,15.32
2016,125,5.55,20.66,13.14
2016,126,22.07,14.66,9.98
2016,127,8.80,17.08,8.67
2016,128,7.26,21.90,9.26
2016,129,0.00,26.94,10.91
2016,130,2.25,26.42,9.63
2016,131,5.80,23.55,13.58
2016,132,7.53,25.81,13.72
2016,133,0.00,22.74,14.91
2016,134,4.10,24.61,15.44
2016,135,2.88,27.54,13.52
2016,136,0.00,20.03,8.20
2016,137,0.00,22.27,5.97
2016,138,12.99,21.37,10.89
2016,139,0.00,18.40,11.68
2016,140,0.00,19.14,10.34
2016,141,4.45,22.81,8.98
2016,142,5.85,20.82,13.84
2016,143,2.68,18.31,12.57
2016,144,2.72,20.82,11.83
2016,145,0.00,28.80,11.10
2016,146,0.00,31.12,14.66
2016,147,0.00,30.54,15.18
2016,148,0.00,30.53,17.16
2016,149,0.00,29.56,14.18
2016,150,6.27,26.56,17.52
2016,151,26.48,26.01,19.96
2016,152,0.00,27.35,18.44
2016,153,2.78,26.56,18.42
2016,154,0.83,28.48,18.99
2016,155,2.10,29.89,18.17
2016,156,5.19,29.72,19.32
2016,157,22.18,31.03,20.03
2016,158,4.90,29.21,20.10
2016,159,7.03,29.80,19.36
2016,160,0.00,27.59,14.27
2016,161,0.00,27.75,11.58
2016,162,0.00,28.83,15.42
2016,163,0.00,32.86,16.05
2016,164,0.00,32.87,19.45
2016,165,0.00,27.77,15.17
2016,166,0.00,29.23,14.57
2016,167,0.00,31.16,16.03
2016,168,16.83,31.30,19.13
2016,169,9.97,25.73,17.70
2016,170,0.00,27.02,14.53
2016,171,0.00,29.51,12.46
2016,172,0.00,30.98,14.38
2016,173,0.00,31.96,18.35
2016,174,8.92,30.98,21.35
2016,175,7.24,29.69,20.57
2016,176,2.93,29.88,19.11
2016,177,0.00,27.49,18.14
2016,178,0.00,28.28,15.28
2016,179,0.00,30.05,16.15
2016,180,35.94,28.03,19.14
2016,181,9.10,30.87,18.95
2016,182,9.67,30.34,19.65
2016,183,33.03,30.90,20.19
2016,184,6.68,28.68,20.41
2016,185,12.84,24.03,18.45
2016,186,4.68,27.99,18.28
2016,187,0.00,33.86,21.64
2016,188,2.79,34.51,21.79
2016,189,10.72,33.84,21.92
2016,190,0.99,33.44,22.05
2016,191,0.00,32.46,21.29
2016,192,0.00,31.79,20.50
2016,193,0.00,31.42,19.79
2016,194,0.00,31.55,21.52
2016,195,0.00,33.20,22.11
2016,196,0.00,35.72,22.00
2016,197,23.98,34.32,21.71
2016,198,8.68,31.38,21.11
2016,199,0.00,33.16,20.71
2016,200,0.00,33.28,21.24
2016,201,9.14,33.16,20.60
2016,202,0.00,31.68,19.72
2016,203,0.00,32.39,19.29
2016,204,0.00,33.09,21.07
2016,205,0.00,34.97,22.42
2016,206,0.00,35.86,23.12
2016,207,0.00,34.58,23.31
2016,208,6.85,35.68,22.88
2016,209,0.00,35.15,22.07
2016,210,0.00,35.19,24.29
2016,211,0.00,32.33,23.54
2016,212,52.92,32.50,21.58
2016,213,28.16,32.76,21.59
2016,214,0.00,31.92,21.70
2016,215,6.48,30.25,21.70
2016,216,0.00,29.26,21.05
2016,217,0.00,30.04,20.35
2016,218,0.00,31.36,20.27
2016,219,0.00,32.63,22.81
2016,220,6.11,31.37,23.02
2016,221,6.75,28.01,20.51
2016,222,0.00,31.51,21.15
2016,223,0.00,32.80,21.64
2016,224,0.00,33.24,22.83
2016,225,0.00,33.93,22.43
2016,226,0.00,34.70,23.31
2016,227,0.00,35.35,24.01
2016,228,0.00,34.78,23.62
2016,229,0.00,34.54,22.99
2016,230,0.00,34.63,22.71
2016,231,0.00,32.87,22.26
2016,232,0.00,31.08,20.77
2016,233,0.00,31.98,20.34
2016,234,3.64,33.10,20.79
2016,235,0.00,30.63,18.77
2016,236,0.00,29.61,16.66
2016,237,0.00,30.01,14.86
2016,238,0.00,32.04,16.67
2016,239,0.00,33.46,20.28
2016,240,0.00,33.00,21.02
2016,241,0.00,31.35,21.19
2016,242,0.00,31.69,19.98
2016,243,0.00,32.09,19.09
2016,244,0.00,32.03,19.97
2016,245,27.55,32.00,21.66
2016,246,57.83,26.03,20.43
2016,247,31.58,24.99,19.95
2016,248,0.00,25.92,17.84
2016,249,0.00,27.72,16.90
2016,250,0.00,30.99,18.16
2016,251,19.84,29.43,19.47
2016,252,21.15,32.01,22.40
2016,253,0.00,32.07,22.14
2016,254,0.00,31.44,23.42
2016,255,5.79,30.81,22.45
2016,256,0.00,28.87,19.34
2016,257,0.00,29.75,17.82
2016,258,0.00,30.86,17.59
2016,259,0.00,27.34,18.79
2016,260,0.00,25.96,19.57
2016,261,0.00,29.44,18.67
2016,262,2.96,30.48,20.19
2016,263,41.01,29.67,21.91
2016,264,98.63,24.61,21.74
2016,265,75.42,24.35,21.61
2016,266,2.75,27.17,22.03
2016,267,0.00,28.60,19.28
2016,268,0.00,30.45,19.16
2016,269,0.00,24.26,17.18
2016,270,0.00,24.45,15.49
2016,271,16.97,26.02,18.98
2016,272,6.69,27.62,18.63
2016,273,2.98,27.28,20.29
2016,274,0.00,27.92,20.16
2016,275,0.00,28.11,20.41
2016,276,0.00,27.14,19.08
2016,277,0.00,25.88,17.69
2016,278,0.00,24.53,16.24
2016,279,0.00,22.28,16.87
2016,280,8.39,23.18,17.06
2016,281,45.59,26.22,19.19
2016,282,236.71,23.52,17.71
2016,283,101.88,19.86,12.93
2016,284,0.00,18.50,8.93
2016,285,0.00,21.35,7.72
2016,286,0.00,23.86,10.36
2016,287,0.00,24.35,12.12
2016,288,0.00,20.62,11.19
2016,289,0.00,22.33,9.54
2016,290,0.00,25.51,10.41
2016,291,0.00,27.77,13.37
2016,292,0.00,28.73,15.76
2016,293,0.00,30.00,17.55
2016,294,0.00,27.66,17.11
2016,295,4.65,27.18,14.77
2016,296,0.00,19.32,8.28
2016,297,0.00,20.93,5.46
2016,298,0.00,23.81,10.84
2016,299,0.00,19.00,6.07
2016,300,0.00,19.36,5.14
2016,301,1.05,23.35,6.18
2016,302,0.00,20.41,7.83
2016,303,0.00,24.34,5.76
2016,304,0.00,26.45,12.54
2016,305,0.00,19.67,7.53
2016,306,0.00,18.78,6.54
2016,307,0.00,24.85,9.70
2016,308,11.47,26.74,11.88
2016,309,0.00,21.26,8.38
2016,310,0.00,19.87,4.84
2016,311,0.00,20.80,3.26
2016,312,0.00,15.66,3.10
2016,313,0.00,19.05,2.11
2016,314,6.38,15.69,6.33
2016,315,0.00,16.93,4.85
2016,316,0.00,18.58,3.30
2016,317,0.00,14.70,-0.01
2016,318,0.99,17.32,-2.65
2016,319,1.31,16.72,0.75
2016,320,0.00,17.03,4.58
2016,321,0.00,18.94,1.92
2016,322,0.00,18.46,3.12
2016,323,0.00,21.92,2.10
2016,324,0.00,22.95,4.10
2016,325,0.00,11.05,1.63
2016,326,0.00,11.06,-1.41
2016,327,0.00,13.05,-3.96
2016,328,3.55,14.85,-3.37
2016,329,10.91,16.66,1.73
2016,330,9.27,18.14,7.83
2016,331,0.00,13.26,3.20
2016,332,0.00,12.55,-1.28
2016,333,0.00,15.02,-0.65
2016,334,1.26,22.86,8.05
2016,335,1.53,23.49,15.18
2016,336,0.00,19.62,7.08
2016,337,0.00,13.64,1.94
2016,338,0.00,11.60,0.90
2016,339,14.13,10.30,1.97
2016,340,2.82,13.28,4.71
2016,341,16.35,14.88,6.73
2016,342,0.00,13.97,3.19
2016,343,0.00,10.26,1.09
2016,344,0.00,6.23,-3.03
2016,345,0.00,6.03,-5.35
2016,346,1.93,10.56,-4.99
2016,347,3.59,15.11,4.96
2016,348,1.92,13.01,4.07
2016,349,0.00,9.81,3.51
2016,350,0.00,6.84,-4.77
2016,351,3.82,2.34,-7.40
2016,352,2.14,15.74,-2.06
2016,353,6.10,23.39,4.21
2016,354,1.61,6.40,0.74
2016,355,0.00,7.70,-1.34
2016,356,0.00,13.07,-4.10
2016,357,0.00,15.83,-1.98
2016,358,0.00,10.83,0.54
2016,359,3.31,12.52,3.05
2016,360,0.00,12.42,4.18
2016,361,0.00,14.32,4.94
2016,362,0.00,19.55,6.88
2016,363,4.85,14.85,1.95
2016,364,3.84,13.36,1.09
2016,365,0.00,9.50,-0.75
2017,1,31.67,12.85,4.00
2017,2,16.53,13.16,6.92
2017,3,2.23,14.37,8.14
2017,4,0.00,16.01,5.39
2017,5,0.00,8.12,-2.28
2017,6,13.06,5.34,-1.03
2017,7,14.95,-0.17,-8.13
2017,8,0.00,-3.09,-11.68
2017,9,0.00,0.38,-13.14
2017,10,1.92,7.89,-9.68
2017,11,0.00,14.94,0.79
2017,12,0.00,21.25,8.27
2017,13,1.08,17.41,5.02
2017,14,1.14,8.87,4.75
2017,15,1.59,9.85,3.56
2017,16,1.57,9.18,1.82
2017,17,0.00,16.13,3.83
2017,18,0.00,17.94,4.19
2017,19,0.00,13.92,1.92
2017,20,4.95,12.10,2.25
2017,21,8.24,12.78,6.32
2017,22,3.04,13.54,6.95
2017,23,2.42,17.44,7.00
2017,24,0.00,14.35,3.64
2017,25,0.00,20.43,2.42
2017,26,2.72,18.82,5.66
2017,27,0.00,10.31,-0.43
2017,28,0.00,10.61,-2.76
2017,29,0.00,11.71,-0.85
2017,30,0.00,9.10,-3.26
2017,31,0.00,17.72,-4.31
2017,32,0.00,17.19,4.14
2017,33,0.00,15.06,2.29
2017,34,0.00,6.62,0.73
2017,35,0.00,7.07,-4.32
2017,36,0.00,14.59,-4.22
2017,37,0.00,19.00,-0.80
2017,38,0.00,22.22,6.04
2017,39,4.95,21.65,9.79
2017,40,0.00,13.80,0.23
2017,41,0.00,7.94,-4.90
2017,42,0.00,18.37,1.92
2017,43,0.00,27.54,6.56
2017,44,0.00,14.56,0.73
2017,45,0.00,12.30,-4.33
2017,46,10.08,12.00,-0.37
2017,47,0.00,9.53,-2.22
2017,48,0.00,14.42,-3.91
2017,49,0.00,21.20,0.66
2017,50,0.00,22.17,4.97
2017,51,0.00,19.67,4.08
2017,52,0.00,16.29,2.57
2017,53,2.48,18.88,4.81
2017,54,0.00,23.48,9.76
2017,55,0.00,23.98,8.09
2017,56,0.00,24.10,8.24
2017,57,0.00,14.24,2.06
2017,58,0.00,18.29,-0.60
2017,59,0.00,24.89,5.78
2017,60,11.69,25.73,13.45
2017,61,0.00,17.63,4.45
2017,62,0.00,11.00,-0.49
2017,63,0.00,9.21,-1.45
2017,64,0.00,7.43,-2.09
2017,65,0.00,16.97,-1.74
2017,66,0.00,22.51,4.66
2017,67,0.15,20.73,8.51
2017,68,0.00,23.63,5.89
2017,69,0.00,17.78,5.92
2017,70,0.00,11.69,-0.40
2017,71,0.00,8.64,-0.30
2017,72,33.55,11.94,0.19
2017,73,14.63,13.67,3.00
2017,74,0.00,5.37,-1.22
2017,75,0.00,11.41,-2.36
2017,76,0.00,14.06,-1.56
2017,77,3.40,12.41,5.17
2017,78,4.85,10.14,2.32
2017,79,0.00,15.48,1.53
2017,80,1.86,20.19,6.42
2017,81,0.00,13.61,3.17
2017,82,0.00,12.17,-1.28
2017,83,0.00,21.81,-0.99
2017,84,0.00,24.63,11.36
2017,85,0.00,23.41,11.09
2017,86,0.00,24.77,11.82
2017,87,3.49,22.73,13.14
2017,88,0.00,18.26,7.63
2017,89,0.00,17.10,4.79
2017,90,51.72,21.17,9.75
2017,91,0.00,20.24,9.11
2017,92,0.00,18.77,4.34
2017,93,0.83,23.22,3.49
2017,94,0.00,27.32,12.88
2017,95,2.21,24.88,10.33
2017,96,7.92,23.71,12.16
2017,97,0.00,15.32,7.18
2017,98,0.00,18.89,0.69
2017,99,0.00,23.37,2.48
2017,100,0.00,25.89,8.08
2017,101,0.00,27.76,12.27
2017,102,0.00,26.40,13.56
2017,103,0.00,22.44,9.95
2017,104,0.00,22.81,6.19
2017,105,0.00,27.58,11.41
2017,106,0.00,29.18,15.82
2017,107,13.95,28.12,15.50
2017,108,0.00,21.07,11.31
2017,109,0.00,23.08,10.14
2017,110,0.00,28.79,13.90
2017,111,6.27,30.77,17.95
2017,112,21.52,26.82,14.23
2017,113,10.58,16.82,10.89
2017,114,14.35,20.17,10.92
2017,115,22.91,24.30,14.33
2017,116,2.12,25.12,14.64
2017,117,5.77,29.28,15.22
2017,118,0.00,30.74,19.55
2017,119,0.00,31.08,21.88
2017,120,0.00,30.48,20.15
2017,121,16.07,28.95,19.50
2017,122,0.00,25.92,15.66
2017,123,0.00,25.50,12.67
2017,124,19.79,23.08,10.57
2017,125,21.27,22.32,15.37
2017,126,0.00,19.43,9.29
2017,127,0.00,19.92,8.31
2017,128,0.00,20.54,5.66
2017,129,0.00,22.96,5.03
2017,130,0.00,24.62,9.51
2017,131,3.68,18.88,11.75
2017,132,17.42,16.34,10.94
2017,133,3.80,19.16,10.24
2017,134,0.00,27.02,7.85
2017,135,0.00,26.54,11.39
2017,136,0.00,29.50,9.24
2017,137,0.00,33.06,15.89
2017,138,0.00,31.22,19.05
2017,139,3.59,31.77,19.39
2017,140,0.00,28.28,15.86
2017,141,0.00,24.17,14.02
2017,142,17.65,26.18,16.06
2017,143,34.66,21.08,15.94
2017,144,8.75,22.52,14.75
2017,145,4.96,26.22,14.49
2017,146,0.00,27.39,14.92
2017,147,7.94,29.72,14.07
2017,148,8.79,27.44,16.40
2017,149,1.43,29.59,17.00
2017,150,4.65,28.26,18.61
2017,151,0.00,29.50,18.67
2017,152,0.00,30.07,18.85
2017,153,0.00,29.61,16.96
2017,154,0.00,30.20,15.60
2017,155,12.32,31.02,15.89
2017,156,31.54,27.47,18.50
2017,157,0.00,27.66,17.37
2017,158,0.00,21.10,13.71
2017,159,0.00,21.45,11.54
2017,160,0.00,27.85,10.37
2017,161,0.00,31.14,15.62
2017,162,0.00,32.80,19.27
2017,163,0.00,32.86,19.83
2017,164,0.00,32.12,20.28
2017,165,10.48,32.54,19.64
2017,166,7.73,27.11,19.86
2017,167,22.57,30.51,19.23
2017,168,5.86,29.61,20.53
2017,169,0.00,32.06,22.28
2017,170,15.77,31.54,22.22
2017,171,7.71,28.13,19.38
2017,172,3.25,29.54,19.50
2017,173,0.00,31.32,21.50
2017,174,0.00,32.06,22.33
2017,175,5.39,32.12,22.12
2017,176,0.00,30.78,19.73
2017,177,0.00,29.01,16.70
2017,178,0.00,28.59,15.82
2017,179,0.00,28.30,15.12
2017,180,0.00,30.32,15.08
2017,181,0.00,31.53,19.81
2017,182,0.00,31.70,22.90
2017,183,3.78,32.97,22.57
2017,184,0.00,33.36,22.11
2017,185,23.20,32.25,21.35
2017,186,13.74,31.33,20.75
2017,187,2.69,32.04,22.39
2017,188,0.00,33.10,22.61
2017,189,3.21,33.44,22.91
2017,190,0.00,31.32,21.66
2017,191,0.00,32.24,20.50
2017,192,0.00,33.68,21.74
2017,193,0.00,34.31,23.44
2017,194,0.00,35.14,24.29
2017,195,64.55,35.01,22.75
2017,196,9.34,33.35,21.74
2017,197,0.00,31.97,21.43
2017,198,0.00,29.24,20.65
2017,199,0.00,30.53,21.11
2017,200,0.00,32.63,20.52
2017,201,0.00,34.22,21.20
2017,202,0.00,34.65,23.24
2017,203,13.29,34.96,23.47
2017,204,13.28,33.88,22.15
2017,205,0.00,31.65,21.28
2017,206,0.00,30.26,20.13
2017,207,0.00,29.65,17.65
2017,208,25.57,30.92,18.59
2017,209,13.84,27.73,21.00
2017,210,8.23,26.24,19.34
2017,211,0.00,27.32,16.29
2017,212,0.00,29.23,14.16
2017,213,0.00,30.83,14.96
2017,214,0.00,31.24,17.55
2017,215,0.00,31.39,19.00
2017,216,0.00,31.09,19.40
2017,217,0.00,31.13,19.71
2017,218,0.00,29.34,16.18
2017,219,22.92,29.11,20.04
2017,220,3.01,25.37,20.48
2017,221,0.00,27.72,18.02
2017,222,0.00,28.74,16.78
2017,223,9.65,28.30,18.54
2017,224,32.69,28.40,21.50
2017,225,0.23,28.22,21.23
2017,226,11.12,30.00,21.10
2017,227,3.97,31.85,22.59
2017,228,0.00,31.12,21.50
2017,229,0.00,32.49,20.18
2017,230,8.61,34.06,23.51
2017,231,0.00,32.90,21.64
2017,232,0.00,32.18,20.26
2017,233,0.00,31.83,21.37
2017,234,0.00,32.75,21.53
2017,235,20.40,32.79,21.23
2017,236,0.00,29.52,19.47
2017,237,0.00,29.44,18.66
2017,238,0.00,28.04,18.13
2017,239,0.00,27.08,17.68
2017,240,27.91,26.08,17.44
2017,241,19.55,25.17,18.09
2017,242,0.00,27.00,17.19
2017,243,0.00,30.48,17.89
2017,244,17.47,24.31,16.12
2017,245,12.96,26.19,15.40
2017,246,0.00,26.82,16.76
2017,247,0.00,29.69,14.64
2017,248,3.77,30.44,18.51
2017,249,26.98,28.04,17.37
2017,250,0.00,25.64,14.88
2017,251,0.00,25.22,12.13
2017,252,0.00,24.15,13.12
2017,253,0.00,22.81,13.27
2017,254,0.00,23.47,14.01
2017,255,0.00,25.69,17.56
2017,256,0.00,28.97,18.96
2017,257,4.91,28.71,19.57
2017,258,0.00,29.83,19.70
2017,259,0.00,29.07,19.38
2017,260,2.20,27.32,19.44
2017,261,2.21,27.23,20.33
2017,262,2.27,26.35,19.39
2017,263,0.00,30.66,17.64
2017,264,0.00,30.50,16.11
2017,265,0.00,30.05,17.01
2017,266,0.00,29.84,15.61
2017,267,0.00,29.74,15.76
2017,268,2.45,26.92,15.94
2017,269,9.83,26.15,20.60
2017,270,1.16,29.23,21.49
2017,271,0.00,30.06,19.23
2017,272,0.00,25.33,14.51
2017,273,0.00,22.83,11.43
2017,274,0.00,22.48,10.46
2017,275,0.00,23.25,9.13
2017,276,0.00,24.53,9.54
2017,277,0.00,26.35,10.48
2017,278,0.00,27.21,13.17
2017,279,0.00,28.99,13.29
2017,280,1.95,28.72,15.74
2017,281,5.35,29.22,20.47
2017,282,2.46,30.02,21.52
2017,283,3.53,30.56,22.39
2017,284,7.66,28.99,21.93
2017,285,2.15,24.36,18.63
2017,286,6.78,21.87,17.38
2017,287,1.55,22.18,17.29
2017,288,0.00,26.92,17.73
2017,289,2.37,21.66,11.41
2017,290,0.00,17.91,5.46
2017,291,0.00,21.70,4.24
2017,292,0.00,24.16,6.23
2017,293,0.00,25.56,7.14
2017,294,0.00,25.84,8.18
2017,295,0.00,26.11,9.39
2017,296,6.63,26.49,12.30
2017,297,2.04,25.81,12.93
2017,298,0.00,20.63,9.05
2017,299,0.00,17.81,4.38
2017,300,0.00,21.61,2.06
2017,301,12.34,22.80,4.25
2017,302,26.75,19.55,6.94
2017,303,0.00,16.20,5.39
2017,304,0.00,21.62,4.20
2017,305,0.00,23.77,7.32
2017,306,0.00,25.26,11.50
2017,307,0.00,25.61,11.75
2017,308,0.00,20.14,14.45
2017,309,0.00,23.40,14.01
2017,310,0.00,24.26,14.21
2017,311,3.61,18.40,9.67
2017,312,12.34,12.95,8.83
2017,313,2.03,15.46,11.69
2017,314,0.00,13.29,3.68
2017,315,0.00,8.92,-0.65
2017,316,6.65,12.08,0.08
2017,317,7.12,11.00,5.18
2017,318,0.00,12.30,5.27
2017,319,0.00,14.33,3.22
2017,320,0.00,17.68,5.44
2017,321,0.00,14.30,0.45
2017,322,1.80,18.28,-0.40
2017,323,0.00,17.87,4.51
2017,324,0.00,13.94,1.01
2017,325,0.00,17.75,0.13
2017,326,1.61,16.40,5.03
2017,327,0.00,9.54,-0.15
2017,328,0.00,14.09,-2.40
2017,329,0.00,18.18,0.46
2017,330,0.00,15.90,1.42
2017,331,0.00,16.56,-0.59
2017,332,0.00,18.65,-0.46
2017,333,0.00,20.99,4.41
2017,334,0.00,18.71,3.52
2017,335,0.00,15.25,2.23
2017,336,0.00,14.13,-1.16
2017,337,0.00,16.20,2.87
2017,338,0.00,16.75,0.74
2017,339,4.30,19.69,5.47
2017,340,4.18,15.32,6.67
2017,341,0.36,8.62,3.11
2017,342,43.65,5.80,1.20
2017,343,6.88,4.14,0.00
2017,344,0.00,6.88,-2.36
2017,345,0.00,11.30,-2.82
2017,346,0.00,11.10,-1.46
2017,347,0.00,6.30,-5.44
2017,348,0.00,12.86,0.28
2017,349,0.00,11.42,-2.74
2017,350,0.00,9.32,-5.46
2017,351,0.00,12.38,-4.23
2017,352,0.00,16.25,0.19
2017,353,0.00,17.68,1.47
2017,354,0.00,14.20,2.90
2017,355,0.00,12.10,-0.77
2017,356,0.00,15.35,-0.59
2017,357,1.28,18.94,7.53
2017,358,1.21,13.81,4.86
2017,359,0.00,8.32,-0.35
2017,360,0.00,7.17,-2.78
2017,361,0.00,6.86,-3.98
2017,362,0.00,0.43,-6.47
2017,363,0.00,5.94,-9.46
2017,364,0.00,6.91,-7.41
2017,365,0.00,-0.10,-7.14
2018,1,0.00,-1.98,-11.57
2018,2,0.00,0.39,-12.64
2018,3,16.91,2.20,-12.59
2018,4,0.00,-0.93,-8.18
2018,5,0.00,-3.43,-12.44
2018,6,0.00,-4.56,-15.15
2018,7,0.00,-1.18,-17.02
2018,8,1.03,7.56,-12.38
2018,9,0.00,12.50,-3.77
2018,10,0.00,13.36,-4.37
2018,11,5.84,19.71,-1.84
2018,12,31.22,21.50,10.35
2018,13,0.00,16.02,0.46
2018,14,0.00,1.42,-6.94
2018,15,0.00,4.18,-5.42
2018,16,0.00,6.41,-3.52
2018,17,4.05,2.83,-5.83
2018,18,0.00,4.33,-8.19
2018,19,0.00,12.97,-6.33
2018,20,0.00,16.58,-2.02
2018,21,0.00,18.57,-0.54
2018,22,0.00,19.13,2.46
2018,23,2.27,21.05,6.03
2018,24,0.00,13.41,1.76
2018,25,0.00,9.28,-2.64
2018,26,0.00,12.51,-5.02
2018,27,2.94,18.32,-2.25
2018,28,25.94,14.71,7.72
2018,29,10.04,9.77,2.30
2018,30,6.06,4.72,-2.90
2018,31,0.00,6.85,-6.45
2018,32,6.97,16.29,-0.18
2018,33,0.00,11.64,-3.33
2018,34,0.00,5.80,-7.70
2018,35,8.22,12.95,-3.16
2018,36,0.00,9.54,-3.24
2018,37,0.00,15.61,-3.56
2018,38,8.11,17.87,1.46
2018,39,0.00,9.24,-1.67
2018,40,0.00,13.85,-3.59
2018,41,0.00,19.80,1.78
2018,42,2.05,23.10,14.59
2018,43,6.66,18.13,7.80
2018,44,3.56,8.48,2.34
2018,45,1.60,14.16,2.50
2018,46,0.00,22.67,7.79
2018,47,6.00,23.33,9.48
2018,48,6.40,10.52,3.25
2018,49,0.00,11.75,0.99
2018,50,5.26,15.77,0.61
2018,51,0.00,23.66,9.83
2018,52,0.00,25.48,13.31
2018,53,0.00,23.88,8.97
2018,54,0.00,17.18,7.27
2018,55,0.00,25.16,9.78
2018,56,0.80,24.21,12.61
2018,57,1.63,17.35,6.68
2018,58,0.00,15.38,1.09
2018,59,1.67,15.36,1.42
2018,60,11.95,15.11,8.87
2018,61,0.00,13.17,6.67
2018,62,0.00,12.22,2.59
2018,63,0.00,11.45,1.79
2018,64,0.00,10.02,-1.34
2018,65,15.04,9.86,-3.27
2018,66,0.00,11.63,2.33
2018,67,0.00,8.98,-1.23
2018,68,0.00,9.36,-2.27
2018,69,0.00,9.04,-0.17
2018,70,2.68,7.54,1.93
2018,71,24.64,6.39,0.52
2018,72,0.00,9.29,-1.10
2018,73,0.00,8.68,-1.70
2018,74,0.00,15.15,-2.17
2018,75,0.00,14.02,-0.92
2018,76,6.23,13.53,-3.39
2018,77,0.00,14.00,2.17
2018,78,13.17,15.73,0.81
2018,79,15.61,9.86,2.93
2018,80,2.79,5.40,0.85
2018,81,0.00,12.60,0.91
2018,82,0.00,11.34,-0.46
2018,83,0.00,10.67,-0.77
2018,84,0.00,11.12,2.55
2018,85,0.00,10.37,0.64
2018,86,0.00,12.45,-0.66
2018,87,0.00,23.83,4.01
2018,88,0.00,26.07,11.42
2018,89,1.01,21.59,11.03
2018,90,0.00,18.69,4.58
2018,91,0.00,23.16,4.87
2018,92,0.00,20.99,6.97
2018,93,0.00,24.52,7.22
2018,94,0.00,24.43,8.47
2018,95,0.00,16.41,2.17
2018,96,10.94,22.17,4.24
2018,97,17.71,16.03,3.25
2018,98,0.00,11.92,1.19
2018,99,0.00,11.21,2.72
2018,100,0.00,14.77,3.49
2018,101,0.00,13.97,0.93
2018,102,0.00,21.08,4.33
2018,103,0.00,26.95,10.17
2018,104,0.00,25.79,11.72
2018,105,31.03,22.85,12.94
2018,106,0.00,20.39,8.36
2018,107,0.00,13.89,2.72
2018,108,0.00,21.23,4.84
2018,109,0.00,21.67,6.60
2018,110,0.00,18.35,2.30
2018,111,0.00,18.21,2.37
2018,112,0.00,20.36,4.57
2018,113,1.76,20.37,8.54
2018,114,16.36,18.30,10.23
2018,115,3.26,23.95,11.43
2018,116,0.00,23.07,12.29
2018,117,0.00,23.95,12.26
2018,118,0.00,24.91,9.99
2018,119,0.00,19.05,8.29
2018,120,0.00,21.91,4.45
2018,121,0.00,26.32,7.44
2018,122,0.00,29.64,11.97
2018,123,0.00,28.81,14.33
2018,124,0.00,28.62,15.78
2018,125,33.48,25.47,14.49
2018,126,9.13,23.53,14.58
2018,127,0.00,19.52,11.85
2018,128,0.71,18.73,11.36
2018,129,0.00,22.24,11.00
2018,130,13.16,27.85,11.63
2018,131,0.00,28.65,15.76
2018,132,0.00,31.51,17.00
2018,133,0.00,30.02,16.45
2018,134,4.96,30.20,16.27
2018,135,0.00,29.41,16.09
2018,136,3.98,27.30,17.57
2018,137,8.01,25.57,17.83
2018,138,9.55,25.07,19.04
2018,139,18.24,26.22,18.39
2018,140,0.00,27.99,19.03
2018,141,3.23,25.88,17.18
2018,142,0.00,27.32,17.92
2018,143,0.00,28.86,17.31
2018,144,0.00,29.48,15.25
2018,145,0.00,29.91,13.17
2018,146,0.00,30.21,18.27
2018,147,0.00,30.84,19.38
2018,148,30.63,28.73,17.97
2018,149,4.10,27.47,18.57
2018,150,4.75,29.45,20.69
2018,151,0.00,31.05,21.92
2018,152,0.00,32.72,21.27
2018,153,11.76,30.35,20.12
2018,154,16.59,27.79,17.30
2018,155,0.00,28.24,14.65
2018,156,0.00,27.76,16.05
2018,157,0.00,26.90,15.68
2018,158,0.00,27.21,15.55
2018,159,0.00,29.88,15.50
2018,160,0.00,30.96,18.88
2018,161,22.10,30.18,19.03
2018,162,7.58,24.62,17.83
2018,163,4.96,24.40,17.13
2018,164,0.00,29.64,19.17
2018,165,0.00,30.73,19.80
2018,166,0.00,30.01,17.55
2018,167,0.00,30.99,17.09
2018,168,16.67,32.92,20.03
2018,169,0.00,33.24,21.19
2018,170,6.09,35.82,23.24
2018,171,7.11,33.36,22.32
2018,172,19.31,33.05,21.25
2018,173,43.08,32.10,21.02
2018,174,3.00,32.80,21.48
2018,175,4.63,32.88,21.76
2018,176,0.00,29.57,20.47
2018,177,0.00,26.91,19.95
2018,178,0.00,30.05,20.27
2018,179,0.00,32.74,21.84
2018,180,0.00,33.38,22.41
2018,181,0.00,33.87,20.21
2018,182,0.00,34.41,20.86
2018,183,0.00,34.82,22.35
2018,184,0.00,32.96,21.66
2018,185,0.00,32.02,21.83
2018,186,0.00,32.92,21.47
2018,187,19.33,33.28,22.42
2018,188,0.00,25.85,19.37
2018,189,0.00,27.23,18.10
2018,190,0.00,28.69,14.68
2018,191,0.00,32.78,13.15
2018,192,20.67,33.97,18.87
2018,193,0.00,29.87,20.11
2018,194,0.00,29.08,18.62
2018,195,0.00,29.82,16.34
2018,196,0.00,31.65,17.14
2018,197,0.00,31.98,20.89
2018,198,27.99,32.47,22.53
2018,199,0.00,30.48,20.08
2018,200,0.00,29.99,16.90
2018,201,7.12,29.20,17.65
2018,202,24.80,26.86,19.48
2018,203,13.25,29.83,19.00
2018,204,30.42,27.84,20.51
2018,205,19.47,25.86,21.41
2018,206,4.18,28.68,21.06
2018,207,0.00,31.89,20.30
2018,208,8.03,32.30,22.48
2018,209,5.80,29.91,21.77
2018,210,2.17,29.01,22.29
2018,211,14.95,27.99,22.28
2018,212,0.00,30.04,21.92
2018,213,2.23,31.20,23.17
2018,214,9.44,30.27,22.28
2018,215,5.29,29.69,21.53
2018,216,0.72,31.79,21.41
2018,217,0.00,32.90,21.18
2018,218,11.95,32.61,20.99
2018,219,0.00,33.48,21.19
2018,220,0.00,34.00,22.92
2018,221,0.00,32.91,21.56
2018,222,0.00,33.12,21.29
2018,223,18.06,32.32,20.89
2018,224,7.56,31.53,20.71
2018,225,0.00,29.68,19.60
2018,226,0.00,30.97,17.21
2018,227,0.00,32.77,19.26
2018,228,0.00,33.22,20.89
2018,229,0.00,33.21,22.85
2018,230,13.24,31.69,22.10
2018,231,9.11,30.59,21.59
2018,232,4.59,30.26,21.27
2018,233,12.08,31.25,21.69
2018,234,6.47,30.73,21.62
2018,235,0.00,28.91,16.37
2018,236,0.00,29.57,15.88
2018,237,0.00,29.92,16.63
2018,238,0.00,31.49,19.58
2018,239,0.00,33.18,20.78
2018,240,0.00,34.23,22.67
2018,241,0.00,33.78,22.23
2018,242,5.74,34.83,22.72
2018,243,14.81,32.44,20.29
2018,244,21.60,32.98,21.32
2018,245,0.00,33.05,21.31
2018,246,0.00,33.30,22.31
2018,247,0.00,33.73,23.05
2018,248,0.00,33.34,21.00
2018,249,0.00,33.76,22.85
2018,250,0.00,33.69,22.52
2018,251,43.47,32.27,22.26
2018,252,10.67,31.12,22.02
2018,253,0.00,31.15,22.09
2018,254,9.41,32.00,22.31
2018,255,0.00,31.67,23.31
2018,256,6.52,28.45,25.09
2018,257,14.71,28.95,23.93
2018,258,6.38,28.88,24.07
2018,259,2.52,28.48,24.14
2018,260,0.00,29.54,23.76
2018,261,2.60,30.99,22.54
2018,262,0.00,30.34,21.41
2018,263,0.00,28.27,20.03
2018,264,0.00,29.60,18.57
2018,265,0.00,30.74,20.22
2018,266,9.86,29.18,20.63
2018,267,3.78,28.45,20.78
2018,268,2.67,28.68,21.65
2018,269,0.99,31.02,22.92
2018,270,1.83,27.16,22.65
2018,271,1.12,26.62,18.61
2018,272,0.00,27.21,16.66
2018,273,0.00,26.60,16.39
2018,274,0.00,28.53,14.95
2018,275,0.00,28.94,16.21
2018,276,0.00,31.05,18.87
2018,277,0.00,31.76,19.14
2018,278,0.00,31.77,20.20
2018,279,0.00,29.22,19.99
2018,280,0.00,30.41,18.06
2018,281,0.00,29.01,18.92
2018,282,0.00,29.31,19.29
2018,283,2.13,30.41,19.86
2018,284,35.39,28.94,19.73
2018,285,0.00,23.21,13.90
2018,286,0.00,21.50,11.60
2018,287,0.00,22.64,9.49
2018,288,0.82,27.89,14.99
2018,289,3.61,21.93,14.21
2018,290,0.00,21.16,11.21
2018,291,0.00,17.73,6.10
2018,292,0.73,19.66,5.14
2018,293,4.12,19.25,11.92
2018,294,0.00,15.89,4.66
2018,295,0.00,16.48,2.65
2018,296,0.00,21.03,5.50
2018,297,0.00,17.83,7.08
2018,298,0.00,15.14,4.92
2018,299,30.34,17.20,5.32
2018,300,1.80,17.59,11.20
2018,301,2.00,17.90,7.52
2018,302,0.00,19.10,5.54
2018,303,0.00,18.54,3.28
2018,304,0.00,21.92,4.69
2018,305,1.44,25.28,11.46
2018,306,6.00,23.41,17.21
2018,307,0.00,20.53,6.76
2018,308,5.61,18.92,5.75
2018,309,7.18,20.89,13.20
2018,310,2.50,25.84,12.03
2018,311,1.22,22.95,10.60
2018,312,0.98,18.32,11.28
2018,313,2.68,17.71,10.12
2018,314,0.00,14.81,3.68
2018,315,0.00,11.19,0.83
2018,316,31.52,15.90,0.87
2018,317,8.34,18.33,7.78
2018,318,2.95,9.37,5.40
2018,319,20.88,16.17,4.68
2018,320,0.00,14.17,2.95
2018,321,0.00,12.80,1.20
2018,322,0.00,15.15,1.39
2018,323,0.00,13.27,3.06
2018,324,0.00,17.85,4.46
2018,325,0.00,13.06,0.16
2018,326,0.00,8.26,-0.80
2018,327,0.00,7.89,-2.51
2018,328,19.75,15.37,2.40
2018,329,0.00,16.17,3.84
2018,330,3.34,17.81,4.82
2018,331,0.00,10.78,1.38
2018,332,0.00,6.53,-1.37
2018,333,0.00,8.48,-2.46
2018,334,2.04,14.31,0.35
2018,335,5.13,15.31,7.39
2018,336,3.33,20.74,12.40
2018,337,0.00,20.95,9.77
2018,338,0.00,10.90,3.73
2018,339,0.24,6.10,-0.93
2018,340,0.00,7.78,-2.89
2018,341,0.00,10.09,-1.33
2018,342,3.12,7.75,-1.26
2018,343,37.25,5.83,0.33
2018,344,2.74,4.73,0.67
2018,345,0.00,8.34,-1.45
2018,346,0.00,9.58,-2.70
2018,347,0.00,11.68,-2.14
2018,348,14.13,14.28,-0.49
2018,349,10.93,17.94,9.20
2018,350,0.39,12.84,4.98
2018,351,0.00,15.07,1.06
2018,352,0.00,10.00,-1.75
2018,353,1.37,10.17,-3.89
2018,354,22.99,18.52,2.73
2018,355,3.57,20.54,10.88
2018,356,0.00,14.03,4.60
2018,357,0.00,12.83,-0.08
2018,358,0.00,12.23,-0.26
2018,359,0.00,9.45,-3.80
2018,360,0.00,10.08,-2.98
2018,361,0.23,14.32,-2.86
2018,362,17.17,19.89,9.96
2018,363,0.00,18.22,7.03
2018,364,0.00,13.73,4.67
2018,365,2.66,19.36,4.05
2019,1,0.00,21.85,7.94
2019,2,6.54,12.14,6.21
2019,3,3.88,12.07,5.87
2019,4,6.37,15.52,5.76
2019,5,0.00,16.12,7.21
2019,6,0.00,17.91,3.53
2019,7,3.14,9.38,3.15
2019,8,0.00,18.22,5.34
2019,9,0.00,15.09,3.63
2019,10,0.00,5.91,-2.80
2019,11,0.00,5.22,-5.15
2019,12,12.21,5.86,-3.27
2019,13,21.35,6.20,0.77
2019,14,0.00,4.10,-1.34
2019,15,0.00,6.24,-2.28
2019,16,0.00,11.02,-2.97
2019,17,0.00,8.52,-1.08
2019,18,0.00,13.65,1.20
2019,19,25.67,14.75,3.47
2019,20,14.68,16.91,0.66
2019,21,0.00,0.76,-8.55
2019,22,0.00,2.35,-8.78
2019,23,5.63,17.27,-4.42
2019,24,29.50,18.23,2.92
2019,25,0.00,9.55,-2.20
2019,26,0.00,10.93,-4.93
2019,27,0.00,11.69,-3.64
2019,28,0.00,6.98,-3.80
2019,29,2.25,14.35,-3.56
2019,30,0.00,8.25,-3.82
2019,31,0.00,2.14,-8.10
2019,32,0.00,11.08,-5.41
2019,33,0.00,11.34,-3.78
2019,34,0.00,17.39,-2.14
2019,35,0.00,16.41,3.67
2019,36,0.00,22.06,1.52
2019,37,0.00,23.76,4.25
2019,38,0.00,24.76,11.21
2019,39,0.00,24.94,9.68
2019,40,0.00,10.75,-0.63
2019,41,7.28,8.42,-5.01
2019,42,13.33,6.49,1.09
2019,43,2.28,15.34,3.63
2019,44,0.00,13.69,2.10
2019,45,0.00,16.37,-1.07
2019,46,0.00,21.17,7.44
2019,47,14.07,13.97,2.22
2019,48,20.83,9.33,0.05
2019,49,0.00,17.08,4.45
2019,50,1.48,8.51,1.69
2019,51,7.83,8.48,0.79
2019,52,11.56,14.51,3.45
2019,53,12.24,10.69,4.74
2019,54,32.92,9.14,4.59
2019,55,0.16,19.20,5.73
2019,56,0.00,14.81,3.76
2019,57,0.00,15.66,-0.21
2019,58,2.39,11.11,2.82
2019,59,3.49,11.29,4.25
2019,60,17.84,6.86,4.45
2019,61,0.00,8.13,2.02
2019,62,15.24,11.18,1.35
2019,63,1.60,8.90,1.90
2019,64,0.00,5.97,-1.76
2019,65,0.00,4.80,-4.10
2019,66,0.00,9.18,-4.99
2019,67,1.05,8.31,-0.28
2019,68,9.56,9.07,4.09
2019,69,5.91,22.97,6.79
2019,70,0.00,20.24,5.89
2019,71,0.00,14.22,1.52
2019,72,0.00,15.64,-0.44
2019,73,0.00,23.50,3.70
2019,74,2.88,25.38,10.78
2019,75,0.00,19.00,4.07
2019,76,0.00,13.10,2.00
2019,77,7.60,13.83,0.28
2019,78,0.00,12.24,1.48
2019,79,12.51,11.04,3.54
2019,80,6.56,16.38,6.73
2019,81,0.00,15.82,5.95
2019,82,0.00,16.49,1.49
2019,83,0.00,20.24,-0.49
2019,84,14.91,22.01,6.83
2019,85,0.00,11.61,2.50
2019,86,0.00,12.38,-0.03
2019,87,0.00,18.60,-0.04
2019,88,0.00,23.46,4.37
2019,89,0.00,24.47,7.40
2019,90,4.68,21.52,6.00
2019,91,0.00,11.26,0.34
2019,92,21.02,10.11,0.54
2019,93,0.00,20.24,2.85
2019,94,0.00,20.21,4.35
2019,95,2.00,16.87,8.03
2019,96,3.62,17.22,8.55
2019,97,0.00,22.98,7.92
2019,98,25.59,28.56,12.74
2019,99,1.39,24.90,15.43
2019,100,0.00,23.25,11.13
2019,101,0.00,23.37,7.12
2019,102,10.35,25.89,12.43
2019,103,29.56,21.76,16.22
2019,104,13.92,27.20,17.50
2019,105,0.00,23.65,10.83
2019,106,0.00,20.62,4.43
2019,107,0.00,27.54,8.94
2019,108,0.00,27.91,13.04
2019,109,27.97,26.27,17.19
2019,110,0.00,21.85,13.56
2019,111,0.00,20.14,10.35
2019,112,0.00,22.33,10.62
2019,113,0.00,27.30,9.33
2019,114,0.00,29.60,14.92
2019,115,0.00,29.66,14.57
2019,116,30.23,26.19,13.65
2019,117,0.00,23.97,10.79
2019,118,0.00,28.12,13.19
2019,119,0.00,17.01,12.28
2019,120,0.00,30.56,10.43
2019,121,0.00,30.44,15.30
2019,122,0.00,30.56,17.94
2019,123,0.00,29.84,17.13
2019,124,0.00,30.28,18.71
2019,125,13.87,26.72,17.26
2019,126,0.00,23.44,12.93
2019,127,0.00,26.20,10.87
2019,128,0.00,27.97,12.96
2019,129,0.00,27.46,16.40
2019,130,0.00,27.85,15.94
2019,131,22.39,27.43,18.01
2019,132,0.00,26.69,16.90
2019,133,0.00,21.23,12.83
2019,134,0.00,20.73,9.53
2019,135,0.00,22.31,7.00
2019,136,0.00,26.88,10.04
2019,137,1.52,30.65,14.17
2019,138,0.00,31.33,17.84
2019,139,0.00,33.27,18.74
2019,140,1.67,32.26,20.38
2019,141,0.00,27.14,15.34
2019,142,0.00,24.85,11.88
2019,143,0.00,29.55,12.76
2019,144,0.00,32.81,18.06
2019,145,0.00,30.43,16.63
2019,146,0.00,33.57,21.60
2019,147,0.00,30.89,21.35
2019,148,0.00,34.81,20.61
2019,149,0.00,35.74,22.33
2019,150,8.71,35.92,20.42
2019,151,15.78,30.45,18.67
2019,152,3.44,27.59,17.02
2019,153,0.00,30.71,16.86
2019,154,0.00,26.12,16.29
2019,155,0.00,27.06,12.23
2019,156,25.63,30.53,16.50
2019,157,4.74,32.11,20.65
2019,158,42.11,28.55,20.94
2019,159,0.31,24.06,20.06
2019,160,10.48,28.42,20.43
2019,161,9.45,29.79,20.99
2019,162,0.00,26.66,16.81
2019,163,1.53,25.40,14.50
2019,164,2.35,26.58,16.47
2019,165,0.00,25.83,13.19
2019,166,0.00,28.80,11.89
2019,167,0.00,31.47,17.31
2019,168,5.47,33.88,20.89
2019,169,8.33,32.32,22.37
2019,170,0.00,30.45,20.54
2019,171,12.68,32.76,20.91
2019,172,0.00,29.35,18.83
2019,173,0.00,27.95,16.18
2019,174,0.00,29.61,13.68
2019,175,0.00,32.21,16.56
2019,176,0.00,32.32,20.63
2019,177,0.00,32.44,21.18
2019,178,0.00,33.77,20.63
2019,179,0.00,34.10,20.59
2019,180,0.00,34.73,20.31
2019,181,9.61,34.39,21.21
2019,182,0.00,30.45,18.53
2019,183,0.00,33.42,17.56
2019,184,0.00,35.22,21.46
2019,185,5.48,34.40,22.04
2019,186,0.00,32.91,21.81
2019,187,0.00,32.29,22.68
2019,188,11.82,32.66,22.30
2019,189,9.66,31.52,22.11
2019,190,0.00,29.44,18.70
2019,191,0.00,31.93,17.66
2019,192,20.93,32.91,21.01
2019,193,0.00,32.88,20.82
2019,194,0.00,32.47,22.87
2019,195,0.00,34.89,21.88
2019,196,0.00,34.02,22.99
2019,197,14.79,34.25,22.66
2019,198,2.97,35.29,24.11
2019,199,0.00,34.60,23.56
2019,200,0.00,34.76,23.38
2019,201,0.00,36.12,24.27
2019,202,0.00,36.12,24.52
2019,203,25.51,35.85,23.55
2019,204,68.86,28.49,20.19
2019,205,0.00,28.08,18.48
2019,206,0.00,29.82,18.68
2019,207,0.00,29.34,18.54
2019,208,0.00,30.71,16.97
2019,209,0.00,31.90,16.69
2019,210,0.00,32.45,18.25
2019,211,0.00,33.12,18.95
2019,212,16.64,33.32,20.00
2019,213,0.00,31.98,19.16
2019,214,0.00,28.39,20.28
2019,215,0.00,30.07,20.49
2019,216,21.35,32.56,19.87
2019,217,10.13,29.18,19.96
2019,218,0.00,30.69,18.77
2019,219,23.68,32.50,19.63
2019,220,0.00,32.65,19.40
2019,221,18.50,33.27,20.11
2019,222,0.00,30.01,19.08
2019,223,0.00,30.72,18.22
2019,224,0.00,31.41,17.18
2019,225,3.37,32.53,19.70
2019,226,0.00,32.92,21.97
2019,227,39.85,31.33,21.92
2019,228,0.00,30.90,20.47
2019,229,0.00,31.60,21.25
2019,230,0.00,32.42,20.78
2019,231,0.00,34.95,21.20
2019,232,5.37,34.29,21.15
2019,233,9.60,31.85,21.47
2019,234,16.58,34.30,21.16
2019,235,14.35,33.08,21.34
2019,236,4.27,24.84,19.28
2019,237,0.00,25.86,18.07
2019,238,2.06,25.81,18.24
2019,239,1.37,28.01,18.52
2019,240,0.00,29.16,20.33
2019,241,0.00,29.69,17.21
2019,242,0.00,31.21,15.87
2019,243,0.00,32.06,16.90
2019,244,0.00,30.11,18.44
2019,245,0.00,31.82,19.78
2019,246,0.00,32.04,19.40
2019,247,0.00,31.29,19.96
2019,248,29.35,29.20,20.87
2019,249,35.80,26.23,16.58
2019,250,0.00,29.67,15.29
2019,251,0.00,30.64,17.69
2019,252,0.00,29.33,18.65
2019,253,0.00,29.09,18.48
2019,254,0.00,31.18,17.93
2019,255,10.88,33.62,20.04
2019,256,0.00,25.65,19.73
2019,257,0.00,29.78,19.22
2019,258,0.00,30.23,18.79
2019,259,0.00,30.37,18.03
2019,260,0.00,27.71,17.06
2019,261,0.00,24.63,14.44
2019,262,0.00,23.52,12.25
2019,263,0.00,25.41,9.82
2019,264,0.00,29.23,12.06
2019,265,0.00,30.33,16.56
2019,266,0.00,30.76,17.47
2019,267,0.00,29.22,16.47
2019,268,0.00,28.22,13.79
2019,269,0.00,31.95,17.04
2019,270,0.00,28.65,18.91
2019,271,0.00,32.16,19.20
2019,272,0.00,32.00,19.17
2019,273,0.00,27.62,17.65
2019,274,0.00,28.85,16.29
2019,275,0.00,34.87,18.37
2019,276,0.00,34.78,20.70
2019,277,0.00,26.60,17.07
2019,278,0.00,22.95,13.34
2019,279,0.00,27.12,15.05
2019,280,2.25,28.24,14.22
2019,281,6.08,21.38,15.54
2019,282,0.00,19.86,14.43
2019,283,0.00,22.48,12.27
2019,284,0.00,22.59,9.75
2019,285,0.00,27.14,8.96
2019,286,15.19,26.77,14.25
2019,287,0.00,24.66,13.01
2019,288,0.00,24.76,9.67
2019,289,43.40,20.56,11.03
2019,290,0.00,18.24,7.32
2019,291,0.00,18.53,4.60
2019,292,12.03,20.61,5.39
2019,293,38.85,22.84,13.68
2019,294,0.00,16.99,13.08
2019,295,1.07,23.18,13.99
2019,296,0.00,22.25,9.72
2019,297,0.00,22.69,6.78
2019,298,0.00,23.23,10.07
2019,299,0.00,24.99,11.28
2019,300,6.83,27.53,15.83
2019,301,0.00,22.30,12.40
2019,302,0.00,22.27,12.01
2019,303,0.00,20.55,13.37
2019,304,12.17,27.05,15.57
2019,305,0.00,19.93,6.09
2019,306,0.00,16.76,3.72
2019,307,0.00,16.19,3.23
2019,308,2.35,18.59,2.19
2019,309,2.16,20.08,9.39
2019,310,0.00,16.82,6.05
2019,311,2.65,22.14,3.82
2019,312,0.00,14.21,2.56
2019,313,0.00,11.91,-0.39
2019,314,0.00,17.81,-0.74
2019,315,0.00,20.02,5.01
2019,316,10.14,14.11,0.48
2019,317,0.00,4.61,-2.84
2019,318,8.38,9.72,-3.55
2019,319,11.91,10.22,3.91
2019,320,2.94,9.82,5.64
2019,321,2.12,10.03,5.71
2019,322,2.66,8.74,5.47
2019,323,0.00,9.44,5.23
2019,324,0.00,14.01,2.90
2019,325,0.00,13.61,0.80
2019,326,0.00,17.55,5.66
2019,327,15.70,14.48,4.77
2019,328,0.00,15.98,3.46
2019,329,0.00,15.91,0.43
2019,330,0.00,19.22,0.95
2019,331,3.18,16.56,7.62
2019,332,0.00,14.58,4.63
2019,333,0.00,11.90,1.67
2019,334,1.38,9.27,3.73
2019,335,5.44,17.34,5.32
2019,336,0.87,11.27,4.51
2019,337,0.00,11.18,2.43
2019,338,0.00,12.03,1.02
2019,339,0.00,12.67,0.43
2019,340,0.00,13.52,-1.81
2019,341,0.00,10.47,-0.42
2019,342,8.80,14.03,-1.59
2019,343,2.48,18.28,6.48
2019,344,7.36,23.26,10.80
2019,345,3.03,11.39,1.96
2019,346,0.00,8.04,-0.95
2019,347,31.52,13.56,1.75
2019,348,0.00,14.68,5.74
2019,349,0.00,14.96,3.16
2019,350,0.00,19.49,2.89
2019,351,8.41,19.59,5.28
2019,352,0.00,9.53,0.06
2019,353,0.00,4.60,-3.81
2019,354,0.00,9.22,-4.57
2019,355,0.00,8.13,-1.70
2019,356,0.00,10.18,-2.88
2019,357,0.00,12.26,2.29
2019,358,0.00,14.27,3.16
2019,359,0.00,15.22,0.23
2019,360,0.00,17.42,0.40
2019,361,0.00,16.62,2.81
2019,362,0.00,20.00,6.43
2019,363,3.02,19.16,6.89
2019,364,0.00,23.92,10.93
2019,365,0.00,15.14,4.97
2020,1,0.00,13.58,1.45
2020,2,1.51,15.72,-1.43
2020,3,15.91,15.44,4.78
2020,4,13.39,17.10,6.49
2020,5,0.00,11.32,1.44
2020,6,0.00,14.96,0.07
2020,7,4.07,13.78,-0.54
2020,8,0.00,12.69,-0.86
2020,9,0.00,8.89,-2.46
2020,10,0.00,20.64,0.55
2020,11,6.76,23.45,9.75
2020,12,8.21,22.03,12.32
2020,13,23.60,20.93,12.18
2020,14,21.88,18.95,11.36
2020,15,0.00,15.99,8.07
2020,16,0.00,18.26,5.30
2020,17,0.00,7.80,0.15
2020,18,3.62,10.79,-0.42
2020,19,0.00,14.40,1.20
2020,20,0.00,4.02,-3.40
2020,21,0.00,3.52,-3.96
2020,22,0.00,7.05,-3.55
2020,23,0.00,9.24,-1.75
2020,24,16.12,16.39,2.33
2020,25,10.62,17.56,5.37
2020,26,0.00,12.30,1.24
2020,27,0.00,14.08,-1.02
2020,28,0.00,10.67,-1.75
2020,29,0.00,9.73,-2.45
2020,30,0.00,10.22,-0.55
2020,31,15.95,11.71,0.73
2020,32,7.22,10.04,3.21
2020,33,0.00,14.37,1.62
2020,34,0.00,22.44,6.53
2020,35,0.00,21.48,11.22
2020,36,4.16,20.24,6.97
2020,37,58.66,22.20,8.27
2020,38,17.46,17.20,4.85
2020,39,0.00,8.87,-0.73
2020,40,0.00,12.06,-0.28
2020,41,1.21,18.17,1.56
2020,42,9.76,21.10,9.08
2020,43,0.00,14.26,7.62
2020,44,10.30,18.58,8.18
2020,45,0.00,11.28,1.52
2020,46,0.00,7.08,-2.98
2020,47,0.00,11.81,-2.19
2020,48,0.00,14.28,1.41
2020,49,8.52,16.70,1.88
2020,50,0.00,13.25,1.49
2020,51,17.02,6.96,0.35
2020,52,0.00,2.99,-4.00
2020,53,0.00,10.82,-5.98
2020,54,0.00,16.16,-2.56
2020,55,3.68,12.92,0.37
2020,56,1.81,17.73,6.35
2020,57,2.41,16.96,10.05
2020,58,0.00,13.65,2.55
2020,59,0.00,12.27,-2.16
2020,60,0.00,9.40,-1.22
2020,61,0.00,12.01,-4.29
2020,62,0.00,19.85,0.65
2020,63,3.73,20.67,8.05
2020,64,0.00,17.52,6.95
2020,65,5.95,12.41,6.15
2020,66,6.75,11.95,4.50
2020,67,0.00,12.38,-0.26
2020,68,0.00,16.03,-2.09
2020,69,0.00,21.89,3.43
2020,70,1.91,22.63,11.50
2020,71,0.00,20.24,10.07
2020,72,1.58,21.28,8.34
2020,73,1.33,24.79,11.07
2020,74,0.68,17.78,6.94
2020,75,0.98,12.57,7.30
2020,76,0.00,12.70,6.17
2020,77,0.00,19.40,6.00
2020,78,3.29,17.90,8.72
2020,79,0.00,27.63,10.03
2020,80,0.00,29.61,15.51
2020,81,3.54,21.45,7.78
2020,82,12.44,13.10,6.49
2020,83,6.61,11.09,7.01
2020,84,34.78,14.26,6.32
2020,85,11.74,12.63,7.16
2020,86,0.00,16.12,5.47
2020,87,0.00,23.99,10.20
2020,88,0.00,28.88,12.83
2020,89,0.00,30.05,14.37
2020,90,0.00,23.95,11.86
2020,91,31.90,14.15,6.83
2020,92,12.79,11.98,4.92
2020,93,0.00,16.76,5.45
2020,94,0.00,21.41,6.09
2020,95,0.00,17.05,5.89
2020,96,0.00,21.14,3.67
2020,97,0.98,23.88,8.91
2020,98,0.00,26.10,9.58
2020,99,0.00,28.13,13.93
2020,100,0.00,27.17,10.68
2020,101,0.00,15.46,5.34
2020,102,0.00,18.01,1.43
2020,103,2.90,24.60,7.79
2020,104,11.58,27.27,14.23
2020,105,7.03,19.89,10.36
2020,106,3.54,12.76,2.81
2020,107,0.00,18.65,1.05
2020,108,2.00,21.64,2.96
2020,109,15.78,19.11,6.09
2020,110,6.48,20.70,3.51
2020,111,16.08,16.59,7.68
2020,112,0.00,23.08,7.24
2020,113,0.00,19.89,4.99
2020,114,4.24,19.38,8.36
2020,115,12.73,26.21,13.38
2020,116,4.65,18.51,11.77
2020,117,1.69,24.15,10.81
2020,118,1.96,17.15,6.66
2020,119,0.00,21.77,4.88
2020,120,0.00,26.60,11.37
2020,121,39.75,22.49,13.14
2020,122,2.72,18.98,11.20
2020,123,0.00,22.55,9.19
2020,124,0.00,30.02,12.44
2020,125,0.00,27.51,12.51
2020,126,7.54,17.78,10.85
2020,127,5.47,20.44,9.71
2020,128,0.00,18.87,7.71
2020,129,2.11,21.85,7.69
2020,130,0.00,16.21,3.98
2020,131,0.00,20.18,2.22
2020,132,0.00,20.92,8.13
2020,133,0.00,18.14,4.36
2020,134,0.00,21.59,4.90
2020,135,0.00,26.03,8.90
2020,136,0.00,28.56,15.73
2020,137,0.00,30.49,16.71
2020,138,3.63,27.15,15.75
2020,139,22.06,19.32,15.07
2020,140,10.98,15.96,11.95
2020,141,2.98,15.85,11.78
2020,142,21.20,20.90,13.73
2020,143,4.21,28.09,17.16
2020,144,0.00,29.00,17.52
2020,145,0.00,21.79,15.03
2020,146,0.00,23.44,14.03
2020,147,0.00,22.67,15.42
2020,148,14.24,27.39,15.73
2020,149,7.23,28.08,20.30
2020,150,15.56,28.30,21.08
2020,151,9.34,28.92,18.81
2020,152,0.00,24.52,14.29
2020,153,0.00,22.98,11.61
2020,154,0.00,28.02,11.26
2020,155,0.00,33.05,19.19
2020,156,0.00,33.23,20.61
2020,157,12.22,31.13,20.72
2020,158,27.21,32.12,19.66
2020,159,0.00,29.56,17.44
2020,160,0.00,30.00,15.32
2020,161,0.00,32.18,17.51
2020,162,0.00,30.85,21.30
2020,163,7.24,28.94,21.75
2020,164,0.00,26.94,18.40
2020,165,0.00,26.03,15.70
2020,166,2.75,24.63,14.73
2020,167,18.61,19.05,15.58
2020,168,28.61,18.98,15.53
2020,169,8.44,26.20,16.59
2020,170,0.00,27.16,16.91
2020,171,2.57,28.52,17.02
2020,172,15.57,27.06,18.04
2020,173,0.00,29.39,17.40
2020,174,15.55,32.57,19.33
2020,175,0.00,32.50,20.14
2020,176,0.00,31.07,20.85
2020,177,12.69,27.96,19.30
2020,178,0.00,31.41,18.95
2020,179,0.00,32.59,19.83
2020,180,5.10,32.42,21.52
2020,181,0.00,32.43,21.64
2020,182,0.00,33.17,20.02
2020,183,17.30,32.28,20.62
2020,184,0.00,31.37,19.84
2020,185,0.00,34.01,20.61
2020,186,0.00,32.25,21.48
2020,187,0.00,31.65,19.57
2020,188,0.00,33.03,20.29
2020,189,0.00,32.70,20.44
2020,190,2.13,30.97,21.13
2020,191,3.29,30.80,21.63
2020,192,0.00,33.01,22.87
2020,193,0.00,33.42,21.90
2020,194,0.00,33.93,21.04
2020,195,0.00,33.30,21.67
2020,196,0.00,33.47,20.66
2020,197,0.00,32.37,20.56
2020,198,0.00,31.56,20.06
2020,199,0.00,33.83,21.14
2020,200,0.00,35.23,22.70
2020,201,0.00,36.19,23.40
2020,202,0.00,36.56,25.23
2020,203,0.00,36.77,24.69
2020,204,0.00,36.20,23.75
2020,205,0.00,34.54,23.87
2020,206,0.00,31.92,22.69
2020,207,0.00,34.24,22.04
2020,208,3.67,35.51,21.97
2020,209,0.00,35.82,23.72
2020,210,6.79,36.53,22.79
2020,211,0.00,32.15,23.01
2020,212,0.00,34.05,21.94
2020,213,30.42,34.14,22.85
2020,214,20.98,33.04,21.33
2020,215,0.00,34.08,21.71
2020,216,68.74,31.26,22.30
2020,217,29.30,31.27,21.69
2020,218,0.00,32.52,22.73
2020,219,54.05,32.27,21.98
2020,220,6.49,31.16,21.35
2020,221,6.95,31.49,21.58
2020,222,0.00,31.61,21.45
2020,223,0.00,32.63,21.83
2020,224,0.00,33.13,21.83
2020,225,0.00,33.03,22.22
2020,226,6.90,31.12,22.21
2020,227,12.87,29.76,22.36
2020,228,41.17,28.31,22.01
2020,229,2.85,26.25,20.67
2020,230,0.00,28.97,19.20
2020,231,0.00,31.02,19.71
2020,232,4.19,30.62,20.58
2020,233,6.41,29.00,20.87
2020,234,7.78,30.35,20.06
2020,235,4.83,30.52,20.76
2020,236,0.00,31.70,21.51
2020,237,0.00,29.42,21.65
2020,238,0.00,33.18,21.90
2020,239,0.00,31.81,20.51
2020,240,0.00,34.11,20.27
2020,241,0.00,34.18,21.70
2020,242,7.37,30.82,22.82
2020,243,0.00,30.52,20.33
2020,244,1.08,29.70,18.90
2020,245,37.82,29.95,21.86
2020,246,0.00,32.96,22.40
2020,247,0.00,34.60,24.19
2020,248,0.00,33.64,23.19
2020,249,0.00,28.91,18.92
2020,250,0.00,28.46,16.28
2020,251,0.00,28.42,14.84
2020,252,52.12,30.05,18.91
2020,253,24.20,27.23,22.45
2020,254,8.32,28.56,22.62
2020,255,0.99,29.63,22.60
2020,256,0.00,27.13,19.86
2020,257,0.00,28.63,19.16
2020,258,0.00,27.71,18.53
2020,259,0.00,23.70,14.37
2020,260,0.00,25.64,12.77
2020,261,77.47,23.20,16.77
2020,262,8.41,24.58,17.98
2020,263,0.00,20.34,13.21
2020,264,0.00,21.76,12.74
2020,265,0.00,19.98,11.99
2020,266,0.00,21.59,9.20
2020,267,0.00,24.88,9.12
2020,268,1.14,21.01,11.40
2020,269,5.40,21.51,15.49
2020,270,4.52,26.46,17.43
2020,271,0.96,25.30,18.06
2020,272,0.00,28.07,17.09
2020,273,41.34,26.74,16.09
2020,274,0.00,22.94,13.05
2020,275,0.00,26.40,12.13
2020,276,0.00,22.33,11.91
2020,277,0.00,21.43,9.06
2020,278,0.00,19.81,10.11
2020,279,0.00,22.85,9.82
2020,280,0.00,24.47,7.97
2020,281,0.00,27.78,12.44
2020,282,0.00,25.80,13.56
2020,283,0.00,23.32,10.75
2020,284,7.92,21.66,15.51
2020,285,17.07,22.59,17.60
2020,286,1.66,25.99,18.15
2020,287,0.00,23.43,14.55
2020,288,0.00,23.80,9.66
2020,289,0.00,25.63,9.57
2020,290,3.58,22.22,11.33
2020,291,0.00,17.83,6.71
2020,292,0.00,22.67,7.00
2020,293,0.00,25.15,11.13
2020,294,0.00,26.12,16.01
2020,295,0.00,27.48,15.51
2020,296,0.00,26.18,13.71
2020,297,0.00,24.59,13.94
2020,298,0.00,28.32,13.17
2020,299,9.44,19.37,14.49
2020,300,1.60,17.88,13.91
2020,301,0.00,18.93,13.98
2020,302,0.00,23.91,15.05
2020,303,5.42,27.76,17.58
2020,304,0.00,22.92,9.75
2020,305,0.00,17.66,5.55
2020,306,16.16,20.30,5.94
2020,307,0.00,12.56,3.02
2020,308,0.00,17.64,2.66
2020,309,0.00,20.92,2.64
2020,310,0.00,23.74,6.91
2020,311,0.00,23.63,13.17
2020,312,0.00,24.74,10.90
2020,313,0.00,24.97,9.80
2020,314,0.00,25.11,10.36
2020,315,0.00,26.77,11.70
2020,316,79.66,27.83,15.55
2020,317,84.51,21.60,14.03
2020,318,0.00,15.49,10.42
2020,319,0.00,17.67,7.27
2020,320,0.00,22.62,7.67
2020,321,0.00,18.83,6.72
2020,322,0.00,16.28,3.31
2020,323,0.00,9.66,0.82
2020,324,0.00,13.49,-1.52
2020,325,0.00,19.84,1.58
2020,326,0.00,21.38,5.23
2020,327,6.77,20.73,6.71
2020,328,0.00,17.62,7.04
2020,329,0.00,13.12,1.24
2020,330,7.50,18.95,1.82
2020,331,4.77,21.32,10.66
2020,332,0.00,16.59,8.80
2020,333,0.00,16.70,5.83
2020,334,10.68,17.81,3.06
2020,335,5.87,23.95,9.56
2020,336,0.00,15.05,2.04
2020,337,0.00,11.20,-0.58
2020,338,0.00,14.49,-2.48
2020,339,16.30,18.35,2.15
2020,340,0.00,15.75,4.51
2020,341,0.08,10.87,-0.70
2020,342,3.99,5.68,0.97
2020,343,0.00,8.26,-2.49
2020,344,0.00,9.49,-3.14
2020,345,0.00,12.00,-1.74
2020,346,0.00,18.89,0.55
2020,347,2.56,19.12,9.79
2020,348,3.32,20.32,9.80
2020,349,20.10,13.02,3.92
2020,350,0.00,8.03,-0.01
2020,351,22.56,13.40,1.87
2020,352,0.00,8.67,1.57
2020,353,0.00,5.80,0.17
2020,354,2.45,7.48,-2.58
2020,355,9.85,6.86,-0.47
2020,356,0.00,8.14,3.97
2020,357,0.00,13.23,1.56
2020,358,0.00,12.89,-2.30
2020,359,35.02,20.72,5.67
2020,360,0.00,14.09,-0.69
2020,361,0.00,4.44,-4.89
2020,362,0.00,10.06,-4.73
2020,363,0.00,14.46,-1.48
2020,364,0.00,9.92,-0.72
2020,365,0.68,13.12,-3.20
2021,1,13.41,10.12,5.13
2021,2,16.42,16.69,6.77
2021,3,6.64,11.26,6.22
2021,4,0.00,10.17,1.93
2021,5,0.00,10.18,-0.46
2021,6,0.00,7.40,-0.98
2021,7,0.00,8.28,-1.74
2021,8,2.37,6.88,0.42
2021,9,0.00,8.46,-1.02
2021,10,0.00,9.85,-2.20
2021,11,1.30,8.77,-3.25
2021,12,0.00,11.60,-0.89
2021,13,0.00,13.15,-2.68
2021,14,0.00,13.80,-0.05
2021,15,6.03,13.21,-0.98
2021,16,0.00,9.11,1.10
2021,17,0.00,10.48,-0.98
2021,18,0.00,11.01,-0.83
2021,19,0.00,13.84,-2.68
2021,20,0.00,11.71,-1.08
2021,21,0.00,12.69,-2.17
2021,22,0.00,14.11,0.57
2021,23,0.00,7.14,-3.18
2021,24,2.20,6.86,-4.82
2021,25,39.59,6.51,0.73
2021,26,9.92,8.75,4.64
2021,27,7.70,8.42,4.27
2021,28,0.00,4.48,-1.64
2021,29,0.00,2.45,-4.85
2021,30,0.00,3.59,-6.14
2021,31,19.31,7.66,-2.53
2021,32,0.00,3.10,0.16
2021,33,0.00,4.23,0.14
2021,34,0.00,8.46,-2.26
2021,35,0.00,12.30,-4.17
2021,36,4.09,9.12,3.63
2021,37,13.76,13.40,-1.09
2021,38,8.32,6.64,-0.43
2021,39,0.00,7.77,-2.46
2021,40,0.00,15.41,0.69
2021,41,0.00,9.42,3.09
2021,42,14.88,6.18,1.74
2021,43,19.93,3.07,1.03
2021,44,16.39,3.85,0.99
2021,45,17.25,3.39,0.32
2021,46,16.63,8.84,1.69
2021,47,0.00,18.51,4.04
2021,48,12.99,5.85,-1.31
2021,49,25.72,4.10,-0.14
2021,50,8.50,2.99,0.02
2021,51,0.00,5.35,-2.67
2021,52,0.00,5.34,-5.28
2021,53,12.62,15.82,-3.06
2021,54,0.00,17.38,-0.11
2021,55,0.00,20.71,-0.40
2021,56,0.00,14.69,0.56
2021,57,13.08,11.86,0.44
2021,58,4.26,16.35,6.41
2021,59,0.00,20.55,8.46
2021,60,2.17,19.99,8.51
2021,61,0.00,9.67,1.17
2021,62,0.00,15.07,-0.84
2021,63,0.00,16.57,-0.27
2021,64,0.00,9.37,-1.34
2021,65,0.00,11.56,-2.15
2021,66,0.00,9.84,-1.99
2021,67,0.00,13.96,-3.37
2021,68,0.00,20.96,-1.38
2021,69,0.00,23.06,2.47
2021,70,0.00,23.63,6.35
2021,71,0.00,25.23,11.87
2021,72,0.00,17.41,5.90
2021,73,0.00,19.25,1.30
2021,74,9.15,11.74,2.40
2021,75,3.88,8.82,1.72
2021,76,1.78,11.38,5.75
2021,77,11.98,22.52,8.12
2021,78,5.91,13.54,2.21
2021,79,0.00,11.23,0.73
2021,80,0.00,15.72,3.38
2021,81,0.00,17.16,6.48
2021,82,1.74,17.13,8.58
2021,83,3.25,23.29,10.18
2021,84,0.00,25.67,10.54
2021,85,0.00,27.58,16.43
2021,86,3.97,22.95,11.13
2021,87,8.21,27.74,14.02
2021,88,0.00,19.28,6.52
2021,89,0.00,21.61,4.69
2021,90,35.72,26.64,11.36
2021,91,5.34,16.59,5.62
2021,92,0.00,8.85,-0.19
2021,93,0.00,13.79,-0.42
2021,94,0.00,23.22,2.33
2021,95,0.00,23.36,6.77
2021,96,0.00,24.02,8.42
2021,97,0.00,27.36,8.32
2021,98,0.00,22.21,11.75
2021,99,29.37,25.05,12.80
2021,100,10.02,25.88,12.11
2021,101,9.70,26.48,14.99
2021,102,0.00,23.49,10.88
2021,103,0.00,19.28,8.77
2021,104,12.91,23.77,6.44
2021,105,0.00,19.22,10.90
2021,106,0.00,19.02,4.46
2021,107,0.00,19.92,5.04
2021,108,0.00,21.11,8.18
2021,109,2.63,21.06,7.14
2021,110,0.00,23.22,5.45
2021,111,0.00,25.47,7.64
2021,112,0.00,15.24,2.63
2021,113,0.00,18.03,1.65
2021,114,6.23,19.30,4.37
2021,115,0.00,19.74,9.42
2021,116,0.00,22.10,7.22
2021,117,0.00,28.31,8.51
2021,118,0.00,30.17,16.08
2021,119,0.00,29.94,17.40
2021,120,0.00,26.23,16.25
2021,121,0.00,22.08,9.01
2021,122,0.00,28.08,10.50
2021,123,7.62,27.99,17.14
2021,124,7.02,32.02,18.73
2021,125,0.00,29.99,17.44
2021,126,0.00,20.86,10.04
2021,127,3.99,19.24,6.94
2021,128,0.00,21.59,6.60
2021,129,0.00,26.48,7.65
2021,130,2.14,23.59,12.60
2021,131,0.00,21.52,10.28
2021,132,3.93,15.65,6.88
2021,133,0.00,21.90,5.49
2021,134,0.00,23.46,5.43
2021,135,0.00,24.76,5.85
2021,136,0.00,24.27,7.03
2021,137,0.00,24.18,11.14
2021,138,0.00,25.16,8.76
2021,139,0.00,28.46,9.04
2021,140,0.00,30.47,12.27
2021,141,0.00,25.82,11.07
2021,142,0.00,30.79,11.03
2021,143,0.00,32.62,17.29
2021,144,0.00,26.25,16.75
2021,145,0.00,26.93,16.35
2021,146,0.00,33.57,19.33
2021,147,0.00,31.48,19.29
2021,148,5.86,33.66,19.19
2021,149,21.21,28.41,14.86
2021,150,2.96,16.69,11.52
2021,151,0.00,24.10,9.19
2021,152,0.00,26.18,11.61
2021,153,30.72,26.51,13.98
2021,154,46.03,26.99,18.41
2021,155,40.18,27.43,18.74
2021,156,0.00,30.67,18.23
2021,157,0.00,32.48,19.44
2021,158,0.00,31.68,21.28
2021,159,0.00,30.87,22.42
2021,160,4.33,31.54,21.74
2021,161,30.85,30.79,21.78
2021,162,32.48,28.98,20.76
2021,163,5.79,23.68,18.50
2021,164,0.00,27.77,16.99
2021,165,0.00,31.45,17.35
2021,166,0.00,28.74,17.29
2021,167,0.00,28.12,16.53
2021,168,0.00,27.58,14.32
2021,169,0.00,30.30,13.36
2021,170,0.00,33.41,21.03
2021,171,8.84,28.37,23.12
2021,172,8.68,32.70,22.47
2021,173,22.97,28.74,18.71
2021,174,0.00,25.01,13.83
2021,175,0.00,25.13,12.57
2021,176,8.88,27.71,15.89
2021,177,23.75,29.91,20.14
2021,178,0.00,31.92,21.26
2021,179,0.00,31.71,19.48
2021,180,0.00,32.76,20.93
2021,181,0.00,33.22,23.48
2021,182,3.98,33.22,22.78
2021,183,31.39,26.63,19.64
2021,184,0.00,27.32,16.34
2021,185,0.00,29.95,15.92
2021,186,0.00,31.76,16.97
2021,187,0.00,32.31,20.13
2021,188,0.00,33.13,21.12
2021,189,31.06,28.58,21.23
2021,190,7.76,32.65,21.98
2021,191,0.00,31.08,21.71
2021,192,6.18,32.17,21.91
2021,193,0.00,32.42,23.70
2021,194,0.00,32.48,23.35
2021,195,0.00,32.89,23.01
2021,196,0.00,33.42,22.45
2021,197,0.00,33.89,23.49
2021,198,22.96,33.36,23.80
2021,199,29.58,31.91,22.61
2021,200,4.79,25.95,20.07
2021,201,0.00,30.95,19.64
2021,202,15.19,32.24,20.66
2021,203,0.00,29.16,18.22
2021,204,0.00,29.86,16.43
2021,205,0.00,29.81,17.00
2021,206,0.00,31.30,19.10
2021,207,38.66,32.17,20.55
2021,208,0.00,32.14,20.25
2021,209,10.93,33.22,20.00
2021,210,0.00,32.66,19.64
2021,211,39.05,34.00,22.70
2021,212,0.00,29.94,21.48
2021,213,87.24,27.96,21.03
2021,214,0.00,28.60,19.47
2021,215,27.29,25.25,18.57
2021,216,26.92,24.13,18.38
2021,217,0.00,28.10,17.55
2021,218,0.52,28.79,16.63
2021,219,23.23,26.91,20.43
2021,220,0.00,28.47,19.70
2021,221,0.00,31.83,18.84
2021,222,0.00,32.65,21.60
2021,223,0.00,33.95,22.26
2021,224,0.00,34.21,23.19
2021,225,0.00,34.52,23.53
2021,226,33.42,33.79,21.54
2021,227,15.06,31.50,21.04
2021,228,17.03,30.99,21.83
2021,229,0.00,32.32,22.28
2021,230,5.73,31.71,24.09
2021,231,0.00,33.60,23.93
2021,232,1.66,31.19,22.26
2021,233,3.21,30.42,21.00
2021,234,14.07,32.86,20.02
2021,235,0.00,33.03,19.87
2021,236,0.00,34.21,22.31
2021,237,0.00,34.06,22.35
2021,238,0.00,33.92,23.12
2021,239,0.00,33.89,22.90
2021,240,0.00,34.34,23.46
2021,241,0.00,32.19,22.46
2021,242,24.08,33.52,22.04
2021,243,0.00,32.97,21.06
2021,244,5.57,31.83,20.18
2021,245,0.00,27.32,15.84
2021,246,0.00,26.64,13.61
2021,247,0.00,27.68,13.63
2021,248,0.00,29.31,16.61
2021,249,0.00,28.17,17.60
2021,250,0.00,30.26,16.58
2021,251,0.64,31.01,18.51
2021,252,23.43,26.18,19.24
2021,253,0.00,26.04,14.87
2021,254,0.00,26.60,12.14
2021,255,0.00,29.17,15.10
2021,256,0.00,31.50,16.43
2021,257,0.00,31.92,18.82
2021,258,0.00,30.67,18.93
2021,259,2.16,30.03,20.70
2021,260,2.71,28.14,21.33
2021,261,0.00,29.30,19.32
2021,262,0.00,30.45,18.74
2021,263,0.00,28.02,16.18
2021,264,0.00,29.43,17.30
2021,265,5.65,29.37,20.06
2021,266,16.10,25.65,17.01
2021,267,0.00,24.58,13.33
2021,268,0.00,25.41,12.15
2021,269,0.00,24.86,12.60
2021,270,0.00,27.18,10.91
2021,271,0.00,29.09,15.25
2021,272,0.00,25.70,14.31
2021,273,0.00,25.72,10.69
2021,274,0.00,24.72,11.21
2021,275,0.00,26.69,9.97
2021,276,0.00,28.89,14.37
2021,277,0.00,29.14,15.43
2021,278,0.00,30.04,17.60
2021,279,0.00,27.34,18.86
2021,280,0.00,25.08,18.78
2021,281,2.94,26.31,18.27
2021,282,6.91,24.01,18.13
2021,283,1.00,25.60,18.38
2021,284,2.88,22.48,17.89
2021,285,2.06,22.81,17.24
2021,286,0.00,23.51,15.96
2021,287,0.00,26.71,14.21
2021,288,0.00,28.05,14.23
2021,289,5.07,29.11,15.55
2021,290,0.00,21.39,8.54
2021,291,0.00,21.64,7.45
2021,292,0.00,22.61,6.31
2021,293,0.00,25.45,7.82
2021,294,0.00,26.22,8.26
2021,295,2.72,23.70,13.91
2021,296,0.00,23.06,10.92
2021,297,0.00,24.87,10.65
2021,298,14.12,24.37,14.62
2021,299,0.00,22.16,11.02
2021,300,0.00,22.30,8.84
2021,301,8.01,21.58,9.87
2021,302,8.67,25.09,13.10
2021,303,0.00,20.38,8.96
2021,304,0.00,22.44,9.43
2021,305,0.00,20.37,7.89
2021,306,1.75,19.04,7.07
2021,307,0.00,14.30,6.46
2021,308,4.31,11.54,5.79
2021,309,0.00,13.00,4.13
2021,310,1.44,13.54,5.12
2021,311,0.00,14.02,7.42
2021,312,0.00,19.89,4.97
2021,313,0.00,22.70,3.33
2021,314,0.00,22.94,6.20
2021,315,15.81,22.87,5.08
2021,316,0.00,22.99,7.36
2021,317,0.00,20.27,5.83
2021,318,0.00,15.08,0.11
2021,319,0.00,12.94,1.30
2021,320,0.00,16.45,1.40
2021,321,0.00,22.39,4.58
2021,322,0.00,24.46,9.92
2021,323,0.00,16.71,2.39
2021,324,0.00,12.58,-0.37
2021,325,0.00,18.84,2.08
2021,326,10.56,13.76,5.48
2021,327,0.00,8.08,-1.11
2021,328,0.00,10.47,-2.93
2021,329,3.11,16.07,-1.59
2021,330,0.00,14.21,-0.27
2021,331,0.00,9.54,-2.32
2021,332,0.00,16.28,-0.13
2021,333,0.00,10.39,-1.33
2021,334,0.00,13.37,-2.35
2021,335,0.00,16.49,-1.40
2021,336,0.00,20.53,4.85
2021,337,0.00,18.80,3.85
2021,338,0.00,17.50,3.86
2021,339,0.00,16.86,2.60
2021,340,0.00,21.72,6.84
2021,341,0.00,14.42,2.43
2021,342,5.87,8.07,-0.07
2021,343,0.00,7.24,-1.58
2021,344,1.35,11.54,-1.52
2021,345,10.06,23.00,7.31
2021,346,0.00,16.04,0.24
2021,347,0.00,13.28,-2.23
2021,348,0.00,14.98,-1.89
2021,349,0.00,19.61,1.72
2021,350,0.00,20.88,4.14
2021,351,0.00,22.01,8.83
2021,352,7.74,20.41,10.13
2021,353,18.38,18.09,3.01
2021,354,0.00,7.25,-1.12
2021,355,2.38,8.75,0.45
2021,356,0.00,11.90,2.00
2021,357,0.00,8.18,-2.27
2021,358,0.00,16.31,-0.39
2021,359,0.00,20.37,8.38
2021,360,0.00,20.52,6.44
2021,361,0.00,14.90,3.23
2021,362,0.00,17.87,7.64
2021,363,3.37,22.56,10.97
2021,364,9.19,16.29,10.65
2021,365,5.42,16.07,10.33
2022,1,3.42,24.69,13.61
2022,2,35.81,21.79,14.33
2022,3,26.85,14.03,0.78
2022,4,0.00,6.02,-3.06
2022,5,8.84,9.18,0.39
2022,6,0.00,12.62,1.81
2022,7,0.00,8.59,-2.45
2022,8,0.00,3.84,-4.80
2022,9,7.64,17.36,-4.16
2022,10,0.00,12.32,0.17
2022,11,0.00,2.88,-5.70
2022,12,0.00,10.43,-6.70
2022,13,0.00,12.23,-2.96
2022,14,0.00,11.73,-0.12
2022,15,0.00,4.89,-4.11
2022,16,49.29,12.76,-3.88
2022,17,0.00,8.34,-0.24
2022,18,0.00,8.22,-3.21
2022,19,0.00,14.19,-3.86
2022,20,5.32,11.36,-0.97
2022,21,12.32,1.08,-4.29
2022,22,0.00,2.79,-7.61
2022,23,0.00,6.95,-8.05
2022,24,0.00,8.02,-4.55
2022,25,0.00,13.51,-2.05
2022,26,0.00,3.51,-3.90
2022,27,0.00,5.52,-6.50
2022,28,4.98,7.23,-4.69
2022,29,0.00,1.75,-6.10
2022,30,0.00,3.28,-9.96
2022,31,0.00,9.66,-6.38
2022,32,0.00,8.81,-2.46
2022,33,0.00,12.41,-2.40
2022,34,0.00,20.59,2.42
2022,35,10.73,23.22,4.18
2022,36,0.00,6.62,-0.81
2022,37,0.00,4.22,-3.74
2022,38,25.77,6.26,0.98
2022,39,0.00,8.32,-0.71
2022,40,0.00,14.19,-2.79
2022,41,0.00,18.33,-1.30
2022,42,0.00,19.83,0.90
2022,43,0.00,21.21,5.07
2022,44,0.00,9.60,1.31
2022,45,0.00,5.37,-4.14
2022,46,0.00,7.21,-5.92
2022,47,0.00,17.35,-4.03
2022,48,1.74,23.01,5.20
2022,49,0.94,20.87,3.19
2022,50,0.00,14.21,-3.73
2022,51,0.00,9.58,-2.96
2022,52,0.00,19.07,-2.48
2022,53,0.00,22.34,10.34
2022,54,2.71,20.61,9.93
2022,55,6.75,11.61,4.04
2022,56,0.00,16.92,3.36
2022,57,0.00,7.72,2.31
2022,58,0.00,8.14,1.09
2022,59,0.00,10.81,-1.15
2022,60,0.00,18.44,-1.08
2022,61,0.00,19.94,5.30
2022,62,0.00,22.07,5.47
2022,63,0.00,12.52,2.51
2022,64,0.00,18.09,3.96
2022,65,0.00,26.90,14.90
2022,66,6.60,27.55,16.54
2022,67,19.57,18.28,7.72
2022,68,8.81,12.04,6.32
2022,69,3.44,8.52,5.81
2022,70,14.54,15.05,3.16
2022,71,19.31,15.61,-2.21
2022,72,0.00,7.57,-4.94
2022,73,0.00,16.13,-1.22
2022,74,0.00,20.91,1.54
2022,75,10.09,22.00,6.61
2022,76,7.76,21.70,11.96
2022,77,0.00,24.32,9.44
2022,78,0.00,26.02,14.62
2022,79,0.00,20.73,9.85
2022,80,0.00,20.45,3.36
2022,81,0.00,23.06,7.19
2022,82,6.14,21.67,8.46
2022,83,10.23,21.02,16.62
2022,84,0.00,19.92,10.34
2022,85,0.00,14.77,6.52
2022,86,0.00,13.12,1.64
2022,87,0.00,12.56,-2.39
2022,88,0.00,10.39,-2.47
2022,89,0.00,17.69,2.03
2022,90,10.50,23.05,13.34
2022,91,0.00,21.16,8.47
2022,92,0.00,15.74,1.97
2022,93,0.00,21.49,6.47
2022,94,0.00,17.11,4.48
2022,95,4.56,25.07,7.87
2022,96,2.02,24.94,11.22
2022,97,15.41,27.39,10.43
2022,98,2.15,18.43,7.28
2022,99,0.00,15.88,7.46
2022,100,0.00,16.84,3.48
2022,101,0.00,21.01,3.24
2022,102,0.00,26.06,13.43
2022,103,0.00,29.28,16.25
2022,104,9.38,28.27,14.93
2022,105,0.00,21.98,9.72
2022,106,0.00,23.14,6.96
2022,107,0.00,19.06,9.46
2022,108,23.20,14.80,7.14
2022,109,0.00,14.49,3.54
2022,110,0.00,17.02,0.88
2022,111,0.00,21.57,2.58
2022,112,0.00,24.63,9.57
2022,113,0.00,25.60,8.86
2022,114,0.00,30.84,15.33
2022,115,0.00,30.19,14.45
2022,116,1.89,29.89,13.79
2022,117,0.00,19.77,9.75
2022,118,0.00,17.12,3.73
2022,119,0.00,19.81,2.61
2022,120,0.00,19.55,4.89
2022,121,0.62,27.11,8.85
2022,122,0.00,29.28,15.12
2022,123,5.86,27.10,15.72
2022,124,23.77,30.53,15.28
2022,125,0.38,22.54,14.42
2022,126,28.29,26.11,12.12
2022,127,1.94,21.81,12.40
2022,128,2.52,12.38,9.04
2022,129,0.00,16.94,8.43
2022,130,0.00,16.66,10.96
2022,131,2.06,17.37,10.96
2022,132,7.70,17.19,12.78
2022,133,12.90,24.26,13.67
2022,134,8.57,25.29,15.74
2022,135,0.00,28.36,16.13
2022,136,8.35,30.16,17.83
2022,137,0.00,28.41,12.99
2022,138,0.00,25.90,12.78
2022,139,0.00,31.34,16.63
2022,140,0.00,34.70,18.30
2022,141,8.41,34.09,21.21
2022,142,0.00,31.38,20.46
2022,143,5.58,25.19,16.87
2022,144,5.85,19.84,14.87
2022,145,4.27,18.14,14.47
2022,146,1.32,24.14,15.29
2022,147,8.22,27.53,17.76
2022,148,0.00,27.45,16.91
2022,149,0.00,29.17,14.38
2022,150,0.00,31.43,16.22
2022,151,0.00,33.39,18.34
2022,152,0.33,34.52,19.22
2022,153,3.33,34.54,21.26
2022,154,0.00,28.44,19.31
2022,155,0.00,28.86,14.84
2022,156,0.00,28.36,13.54
2022,157,0.00,27.66,12.25
2022,158,0.00,29.10,15.01
2022,159,0.98,32.11,19.73
2022,160,0.00,31.74,20.92
2022,161,0.00,27.21,16.03
2022,162,0.00,29.33,14.40
2022,163,1.64,30.37,17.94
2022,164,0.00,34.02,20.44
2022,165,0.00,31.75,22.50
2022,166,0.00,30.95,19.64
2022,167,1.49,27.64,18.48
2022,168,0.00,36.40,20.62
2022,169,0.00,29.86,15.53
2022,170,0.00,26.13,12.90
2022,171,0.00,27.64,11.79
2022,172,0.00,28.77,13.18
2022,173,9.59,30.59,17.78
2022,174,1.02,24.58,17.04
2022,175,0.00,27.39,15.95
2022,176,0.00,30.20,14.27
2022,177,0.00,30.74,15.11
2022,178,10.82,31.14,18.49
2022,179,0.00,27.83,16.29
2022,180,0.00,28.42,15.50
2022,181,0.00,32.18,17.31
2022,182,0.00,33.14,20.18
2022,183,0.00,31.85,21.62
2022,184,29.02,32.48,20.89
2022,185,0.00,31.68,19.77
2022,186,0.00,32.67,18.98
2022,187,0.00,34.68,22.73
2022,188,12.28,33.30,22.34
2022,189,7.11,30.21,22.46
2022,190,41.47,29.62,21.93
2022,191,12.62,22.51,18.03
2022,192,0.00,26.03,18.33
2022,193,0.00,32.07,18.51
2022,194,6.84,31.93,22.36
2022,195,0.00,30.66,22.08
2022,196,0.00,30.13,21.30
2022,197,3.39,31.37,19.39
2022,198,0.00,32.54,20.13
2022,199,0.00,32.78,22.59
2022,200,0.00,32.94,23.76
2022,201,0.00,33.73,22.95
2022,202,0.00,32.21,22.89
2022,203,0.00,33.81,22.93
2022,204,0.00,34.95,22.83
2022,205,0.00,34.28,23.90
2022,206,0.00,33.58,24.06
2022,207,8.50,31.84,23.62
2022,208,1.64,32.84,23.40
2022,209,19.10,34.70,23.00
2022,210,20.28,34.37,23.44
2022,211,0.00,31.64,22.33
2022,212,19.05,29.55,20.69
2022,213,5.50,32.13,22.18
2022,214,0.00,33.55,22.80
2022,215,0.00,34.10,22.85
2022,216,28.15,34.46,22.49
2022,217,1.65,31.96,22.70
2022,218,0.00,32.73,21.75
2022,219,0.00,32.28,21.13
2022,220,0.00,33.56,22.80
2022,221,0.00,34.37,23.76
2022,222,26.93,34.49,22.43
2022,223,12.88,30.80,21.74
2022,224,0.00,27.25,19.05
2022,225,0.00,28.49,16.15
2022,226,0.98,28.13,15.77
2022,227,1.09,24.95,17.28
2022,228,0.00,27.18,17.48
2022,229,0.00,27.11,16.89
2022,230,0.00,29.63,14.82
2022,231,2.36,29.00,16.77
2022,232,0.00,29.87,20.35
2022,233,7.60,29.97,19.72
2022,234,0.00,30.05,21.39
2022,235,0.00,29.96,21.17
2022,236,0.00,31.49,20.09
2022,237,0.00,31.97,19.51
2022,238,0.00,31.56,19.15
2022,239,28.46,33.25,20.48
2022,240,0.00,31.75,19.81
2022,241,0.00,31.60,20.84
2022,242,0.00,32.65,21.95
2022,243,0.00,31.38,19.95
2022,244,0.00,31.28,17.07
2022,245,0.00,31.45,17.54
2022,246,0.00,31.08,18.74
2022,247,0.00,31.34,17.41
2022,248,0.00,30.60,17.34
2022,249,7.83,30.94,21.63
2022,250,0.00,28.85,21.73
2022,251,0.00,26.32,18.16
2022,252,0.00,27.36,16.63
2022,253,0.00,28.84,17.86
2022,254,24.36,30.03,22.48
2022,255,0.00,31.35,22.04
2022,256,0.00,30.28,18.03
2022,257,0.00,26.77,14.69
2022,258,0.00,27.48,13.79
2022,259,0.00,27.07,13.44
2022,260,0.00,27.65,11.51
2022,261,0.00,29.91,13.79
2022,262,0.00,31.08,17.10
2022,263,0.00,31.24,17.52
2022,264,0.00,31.37,16.82
2022,265,5.30,33.92,17.75
2022,266,0.00,21.54,9.28
2022,267,0.00,24.60,8.19
2022,268,10.32,29.78,12.41
2022,269,0.00,27.37,15.21
2022,270,0.00,25.84,11.79
2022,271,0.00,22.37,10.07
2022,272,6.81,20.35,13.30
2022,273,102.39,21.57,16.90
2022,274,0.00,23.73,14.43
2022,275,7.25,21.92,12.98
2022,276,2.77,13.98,10.25
2022,277,0.31,13.42,9.27
2022,278,0.00,17.28,9.83
2022,279,0.00,25.35,11.30
2022,280,0.00,26.47,11.88
2022,281,0.00,18.59,7.79
2022,282,0.00,19.87,4.27
2022,283,0.00,21.99,6.02
2022,284,0.00,22.34,6.04
2022,285,0.00,24.15,7.41
2022,286,3.85,24.01,13.86
2022,287,0.00,21.18,9.32
2022,288,0.00,24.33,5.34
2022,289,0.00,24.66,11.74
2022,290,18.66,23.35,13.53
2022,291,0.00,15.78,5.33
2022,292,0.00,13.96,1.74
2022,293,0.00,18.02,0.69
2022,294,0.00,20.28,2.43
2022,295,0.00,21.59,5.81
2022,296,2.77,15.61,10.48
2022,297,0.00,19.38,10.73
2022,298,0.00,17.33,9.98
2022,299,0.00,21.64,13.95
2022,300,0.00,18.96,11.18
2022,301,0.00,18.23,9.57
2022,302,0.00,17.87,8.79
2022,303,0.00,18.87,7.37
2022,304,6.50,22.94,8.95
2022,305,6.60,24.22,11.35
2022,306,0.00,20.67,10.46
2022,307,0.00,22.06,12.32
2022,308,0.00,24.56,12.04
2022,309,0.00,25.98,12.16
2022,310,0.00,27.75,14.77
2022,311,0.00,26.88,13.24
2022,312,0.00,17.03,9.79
2022,313,0.00,18.31,9.64
2022,314,6.28,22.84,12.29
2022,315,17.00,25.15,18.01
2022,316,4.64,24.68,17.11
2022,317,0.00,18.46,6.69
2022,318,0.00,12.40,0.61
2022,319,9.31,16.60,0.31
2022,320,0.00,14.81,4.90
2022,321,0.00,10.68,0.46
2022,322,0.00,10.44,-3.08
2022,323,0.00,12.47,-1.99
2022,324,0.00,8.04,-1.35
2022,325,0.00,11.83,-4.20
2022,326,0.00,16.03,0.42
2022,327,0.00,16.95,0.34
2022,328,12.73,18.30,1.17
2022,329,30.07,15.76,4.59
2022,330,0.00,14.77,2.25
2022,331,4.19,20.48,2.65
2022,332,0.00,19.01,6.73
2022,333,0.00,15.68,1.59
2022,334,9.82,16.71,5.24
2022,335,0.00,10.77,-1.40
2022,336,0.00,14.10,-3.94
2022,337,3.37,17.38,4.70
2022,338,0.00,12.83,0.51
2022,339,0.00,12.09,-2.82
2022,340,0.00,19.09,5.11
2022,341,2.17,19.28,13.74
2022,342,0.00,16.92,10.84
2022,343,0.00,11.50,4.42
2022,344,0.00,11.27,1.21
2022,345,0.00,13.21,4.81
2022,346,0.00,8.64,2.74
2022,347,0.00,7.09,-1.60
2022,348,9.23,7.92,-4.22
2022,349,26.87,16.69,2.73
2022,350,0.00,13.35,1.92
2022,351,0.00,10.04,-0.78
2022,352,0.00,9.47,-2.15
2022,353,0.00,6.35,-3.97
2022,354,0.00,5.74,-3.48
2022,355,0.00,9.29,-3.14
2022,356,20.80,15.72,4.14
2022,357,1.84,11.56,-4.88
2022,358,0.00,-3.30,-11.13
2022,359,0.00,2.58,-9.19
2022,360,0.00,4.99,-9.93
2022,361,0.00,7.95,-7.72
2022,362,0.00,12.08,-5.91
2022,363,0.00,16.85,-4.52
2022,364,17.95,19.34,-0.25
2022,365,18.66,18.64,6.52
2023,1,0.00,18.91,6.69
2023,2,0.00,20.46,5.23
2023,3,0.00,21.96,8.94
2023,4,1.79,22.04,15.22
2023,5,0.00,19.26,10.00
2023,6,0.00,14.60,3.02
2023,7,0.00,10.58,-0.35
2023,8,7.98,8.30,-1.52
2023,9,0.00,11.84,0.19
2023,10,0.00,10.51,-3.51
2023,11,0.00,11.24,-2.72
2023,12,3.85,20.41,4.88
2023,13,0.00,14.81,5.90
2023,14,0.00,5.36,1.47
2023,15,0.00,7.32,-1.69
2023,16,0.00,13.21,-2.61
2023,17,2.64,11.84,1.47
2023,18,0.00,18.71,6.15
2023,19,0.00,21.62,5.42
2023,20,0.00,17.99,4.01
2023,21,0.00,10.44,-1.58
2023,22,18.63,13.48,-0.40
2023,23,0.00,12.83,3.86
2023,24,0.00,12.24,-2.02
2023,25,44.35,16.90,-1.61
2023,26,0.00,15.25,1.79
2023,27,0.00,9.97,-1.58
2023,28,0.00,15.70,-2.28
2023,29,12.23,14.77,-0.20
2023,30,3.50,13.44,7.17
2023,31,3.84,13.22,5.83
2023,32,2.99,6.64,1.08
2023,33,3.21,4.90,0.62
2023,34,0.00,8.25,-1.55
2023,35,0.00,2.89,-6.48
2023,36,1.63,12.69,-2.70
2023,37,0.00,14.53,1.82
2023,38,0.00,15.35,-2.49
2023,39,0.00,21.44,4.57
2023,40,0.00,22.50,4.97
2023,41,0.00,23.32,11.64
2023,42,8.47,12.24,5.82
2023,43,26.37,11.29,5.10
2023,44,0.00,16.40,3.81
2023,45,0.00,17.17,0.26
2023,46,0.00,23.67,4.28
2023,47,0.00,24.34,13.36
2023,48,8.95,20.87,7.50
2023,49,0.00,10.21,-1.10
2023,50,0.00,16.51,-0.36
2023,51,0.00,16.31,8.49
2023,52,0.00,22.58,7.82
2023,53,0.00,24.73,7.17
2023,54,0.00,27.81,16.04
2023,55,0.00,22.54,10.08
2023,56,10.20,10.09,3.30
2023,57,0.00,11.30,4.55
2023,58,0.00,16.00,3.89
2023,59,0.00,22.67,7.84
2023,60,12.39,17.26,4.26
2023,61,5.25,19.33,7.79
2023,62,1.92,20.78,10.17
2023,63,0.00,21.36,9.43
2023,64,0.00,19.09,1.90
2023,65,0.00,18.89,2.78
2023,66,0.00,16.78,6.62
2023,67,0.00,12.68,1.63
2023,68,0.00,15.30,0.34
2023,69,2.00,12.46,1.08
2023,70,0.00,11.61,2.48
2023,71,11.70,8.32,-0.03
2023,72,8.05,9.05,3.49
2023,73,0.00,10.58,0.71
2023,74,0.00,11.96,-1.31
2023,75,0.00,17.04,-3.41
2023,76,3.28,22.00,5.90
2023,77,2.15,16.61,5.66
2023,78,0.00,10.46,0.20
2023,79,0.00,9.83,-2.44
2023,80,0.00,17.52,-3.99
2023,81,0.00,18.59,2.50
2023,82,0.00,26.29,8.68
2023,83,0.00,28.62,10.45
2023,84,0.00,26.63,9.36
2023,85,0.00,22.18,10.24
2023,86,2.09,24.21,9.77
2023,87,12.65,17.26,8.48
2023,88,0.00,14.99,5.38
2023,89,0.00,14.66,3.39
2023,90,4.33,23.47,3.19
2023,91,1.63,24.92,14.52
2023,92,0.00,18.50,6.60
2023,93,0.00,22.41,4.28
2023,94,0.00,26.16,13.52
2023,95,0.00,29.80,14.21
2023,96,3.82,29.15,17.69
2023,97,23.21,18.53,8.10
2023,98,4.11,9.99,6.20
2023,99,0.00,14.55,4.87
2023,100,0.00,15.73,1.59
2023,101,0.00,22.67,0.20
2023,102,0.00,27.64,8.14
2023,103,0.00,29.40,10.53
2023,104,1.40,24.39,12.01
2023,105,0.00,27.06,16.01
2023,106,4.36,27.69,14.42
2023,107,0.00,21.48,12.50
2023,108,0.00,24.47,7.52
2023,109,0.00,25.25,8.23
2023,110,0.00,31.23,11.25
2023,111,0.00,30.06,13.65
2023,112,20.81,26.03,13.66
2023,113,0.00,22.36,10.52
2023,114,0.00,17.51,7.60
2023,115,0.00,17.91,4.45
2023,116,0.00,20.48,5.04
2023,117,25.68,19.67,10.76
2023,118,20.43,21.27,13.56
2023,119,0.00,24.11,13.65
2023,120,35.02,23.25,15.00
2023,121,0.00,19.36,9.77
2023,122,0.00,20.75,9.28
2023,123,1.18,17.80,5.76
2023,124,0.00,18.63,6.51
2023,125,0.00,21.83,6.54
2023,126,0.00,23.12,8.87
2023,127,4.24,27.97,10.50
2023,128,0.00,29.35,16.91
2023,129,0.00,25.68,14.58
2023,130,0.00,23.27,9.36
2023,131,0.00,26.77,9.58
2023,132,0.00,29.24,14.71
2023,133,8.49,28.45,16.81
2023,134,0.00,24.31,13.38
2023,135,0.00,23.64,9.52
2023,136,27.72,26.61,15.24
2023,137,0.00,25.73,14.21
2023,138,0.00,20.86,12.82
2023,139,0.00,21.03,13.64
2023,140,0.00,25.88,17.05
2023,141,0.59,23.92,13.73
2023,142,0.00,24.77,10.94
2023,143,0.00,21.97,12.65
2023,144,0.00,22.67,11.59
2023,145,0.00,19.02,9.56
2023,146,0.00,19.60,10.31
2023,147,0.21,19.43,12.38
2023,148,10.22,21.44,14.68
2023,149,0.00,26.03,16.98
2023,150,5.50,19.62,16.19
2023,151,0.00,22.66,15.73
2023,152,1.13,21.82,16.58
2023,153,0.00,26.77,16.17
2023,154,0.00,26.19,14.16
2023,155,0.00,20.71,11.59
2023,156,0.00,26.13,8.26
2023,157,0.00,27.52,12.91
2023,158,2.26,24.31,14.03
2023,159,0.00,23.59,12.16
2023,160,0.00,25.79,10.42
2023,161,0.00,28.59,12.10
2023,162,0.00,30.32,14.62
2023,163,0.00,29.61,19.56
2023,164,0.00,27.43,16.81
2023,165,0.00,29.92,16.88
2023,166,0.00,28.61,18.17
2023,167,17.44,30.42,17.36
2023,168,0.00,28.00,16.32
2023,169,0.00,29.55,16.36
2023,170,0.00,30.82,18.38
2023,171,8.18,26.13,20.29
2023,172,6.97,24.58,20.23
2023,173,6.92,27.63,20.50
2023,174,17.27,29.10,21.35
2023,175,7.54,31.00,21.35
2023,176,5.37,31.25,20.36
2023,177,0.00,31.71,21.28
2023,178,4.38,30.66,19.19
2023,179,0.00,29.41,18.50
2023,180,0.00,29.71,18.67
2023,181,0.00,30.79,17.47
2023,182,0.00,32.18,19.20
2023,183,0.00,33.46,21.47
2023,184,43.52,34.69,22.25
2023,185,0.00,33.51,22.32
2023,186,19.65,33.69,22.33
2023,187,7.03,31.59,21.70
2023,188,0.00,32.73,21.65
2023,189,4.01,31.25,22.22
2023,190,11.31,31.57,21.81
2023,191,0.00,28.94,21.25
2023,192,0.00,32.18,19.50
2023,193,0.00,33.09,19.46
2023,194,3.35,32.19,22.03
2023,195,0.29,31.19,24.16
2023,196,6.46,32.80,24.56
2023,197,8.24,32.05,23.32
2023,198,0.00,32.85,21.79
2023,199,0.00,33.13,22.02
2023,200,17.37,30.62,22.05
2023,201,0.00,32.36,21.85
2023,202,0.00,32.22,22.63
2023,203,0.00,29.98,20.67
2023,204,0.00,30.62,18.76
2023,205,16.69,29.48,21.22
2023,206,0.00,32.73,20.17
2023,207,3.45,33.05,20.51
2023,208,0.00,34.15,23.36
2023,209,0.00,35.01,24.27
2023,210,0.00,34.06,24.69
2023,211,0.00,29.25,20.34
2023,212,1.44,30.68,17.14
2023,213,0.00,29.93,17.82
2023,214,0.00,28.47,16.01
2023,215,9.91,28.93,15.10
2023,216,36.32,26.22,19.38
2023,217,0.00,30.30,20.88
2023,218,0.00,32.08,20.13
2023,219,0.00,32.97,21.26
2023,220,0.00,31.43,21.93
2023,221,0.00,30.83,19.59
2023,222,3.64,28.40,20.42
2023,223,0.00,30.76,20.39
2023,224,0.00,33.74,20.02
2023,225,0.00,35.97,23.46
2023,226,0.00,35.19,22.12
2023,227,17.35,35.58,22.85
2023,228,17.50,30.64,21.91
2023,229,13.07,30.92,22.09
2023,230,0.00,31.47,21.63
2023,231,0.00,29.01,18.54
2023,232,0.00,32.00,17.61
2023,233,0.00,33.51,20.62
2023,234,0.00,29.74,20.20
2023,235,0.00,28.27,16.80
2023,236,0.00,30.11,17.50
2023,237,0.00,32.91,20.67
2023,238,0.00,33.49,23.05
2023,239,0.00,30.29,22.29
2023,240,33.99,29.54,22.57
2023,241,1.32,31.30,22.99
2023,242,19.54,30.28,22.38
2023,243,12.72,24.49,17.35
2023,244,0.00,25.90,14.74
2023,245,0.00,26.88,13.24
2023,246,0.00,31.02,14.56
2023,247,0.00,33.60,18.92
2023,248,0.00,34.14,21.38
2023,249,0.00,34.81,21.67
2023,250,0.00,35.19,23.18
2023,251,5.69,33.30,22.21
2023,252,28.88,30.58,20.48
2023,253,0.00,30.00,20.69
2023,254,0.00,30.27,20.94
2023,255,4.24,31.34,19.54
2023,256,0.00,29.24,20.11
2023,257,0.00,28.62,19.20
2023,258,0.00,24.24,14.35
2023,259,0.00,27.27,12.08
2023,260,1.21,27.55,14.92
2023,261,1.22,25.84,16.76
2023,262,0.00,26.63,13.04
2023,263,0.00,27.94,15.04
2023,264,0.00,26.85,14.55
2023,265,61.81,23.59,17.32
2023,266,39.32,24.20,17.03
2023,267,0.00,24.85,16.82
2023,268,0.00,26.02,18.08
2023,269,0.80,22.42,17.10
2023,270,0.00,20.18,17.11
2023,271,0.49,21.30,16.96
2023,272,0.82,21.12,17.56
2023,273,0.00,21.71,16.45
2023,274,0.00,25.22,14.11
2023,275,0.00,26.97,13.27
2023,276,0.00,26.41,13.48
2023,277,0.00,26.08,11.31
2023,278,0.00,27.37,14.48
2023,279,0.00,26.76,16.82
2023,280,0.79,22.38,12.16
2023,281,0.00,18.44,6.15
2023,282,0.00,21.02,5.10
2023,283,0.00,22.96,8.59
2023,284,0.00,23.38,12.01
2023,285,0.00,22.84,11.51
2023,286,0.00,24.72,9.19
2023,287,25.63,19.81,12.00
2023,288,0.00,17.63,9.29
2023,289,0.00,17.82,6.12
2023,290,0.00,19.19,7.67
2023,291,0.00,20.05,7.03
2023,292,0.00,21.30,6.67
